model,scaffold,arm,third_seat,item_id,sample_idx,gold_type,region,gold_verdict,role_id,role_stake,group_verdict,synthesis_verdict,r0_verdict,r1_verdict,r2_verdict,r0_is_nash,r2_is_nash,r0_correct,r2_correct,r3_label,r3_label_parsed,r3_objection_kind,r3_objection_len,objected_r3,objection_unstated,modification_addressed,vote,reject,vote_parsed,revised_r4,stake_undermined,group_plan_payoff,best_nash_payoff,maximin_payoff,type_named_in_prompt,type_named_rounds,finish_reason,truncated,output_len
grok-4-1-fast-reasoning,game_plan_ncot,third_neutral,neutral,111,0,DILEMMA_BOTH_PREFER,value,PLAN_11,neutral_reader,none,PLAN_11,PLAN_11,PLAN_11,PLAN_11,PLAN_11,0,0,1,1,ACCEPT,1,,0,0,0,1,ACCEPT,0,1,0,0,,,,0,,stop,0,379
grok-4-1-fast-reasoning,game_plan_ncot,third_neutral,neutral,111,0,DILEMMA_BOTH_PREFER,value,PLAN_11,player_c_advocate,col,PLAN_11,PLAN_11,PLAN_11,PLAN_11,PLAN_11,0,0,1,1,ACCEPT,1,,0,0,0,1,ACCEPT,0,1,0,0,3,2,2,0,,stop,0,356
grok-4-1-fast-reasoning,game_plan_ncot,third_neutral,neutral,111,0,DILEMMA_BOTH_PREFER,value,PLAN_11,player_r_advocate,row,PLAN_11,PLAN_11,PLAN_11,PLAN_11,PLAN_11,0,0,1,1,ACCEPT,1,,0,0,0,1,ACCEPT,0,1,0,0,3,2,2,0,,stop,0,469
grok-4-1-fast-reasoning,game_plan_ncot,third_neutral,neutral,112,0,INCENTIVE_COMPATIBLE_EFFICIENT,neutral,PLAN_22,neutral_reader,none,PLAN_22,PLAN_22,PLAN_22,PLAN_22,PLAN_22,1,1,1,1,ACCEPT,1,,0,0,0,1,ACCEPT,0,1,0,0,,,,0,,stop,0,528
grok-4-1-fast-reasoning,game_plan_ncot,third_neutral,neutral,112,0,INCENTIVE_COMPATIBLE_EFFICIENT,neutral,PLAN_22,player_c_advocate,col,PLAN_22,PLAN_22,PLAN_11,PLAN_22,PLAN_22,0,1,0,1,ACCEPT,1,,0,0,0,1,ACCEPT,0,1,0,0,2,2,2,0,,stop,0,451
grok-4-1-fast-reasoning,game_plan_ncot,third_neutral,neutral,112,0,INCENTIVE_COMPATIBLE_EFFICIENT,neutral,PLAN_22,player_r_advocate,row,PLAN_22,PLAN_22,PLAN_22,PLAN_22,PLAN_22,1,1,1,1,ACCEPT,1,,0,0,0,1,ACCEPT,0,1,0,0,4,4,2,0,,stop,0,359
grok-4-1-fast-reasoning,game_plan_ncot,third_neutral,neutral,113,0,INCENTIVE_COMPATIBLE_EFFICIENT,neutral,PLAN_11,neutral_reader,none,PLAN_11,PLAN_11,PLAN_11,PLAN_11,PLAN_11,1,1,1,1,ACCEPT,1,,0,0,0,1,ACCEPT,0,1,0,0,,,,1,r2,stop,0,488
grok-4-1-fast-reasoning,game_plan_ncot,third_neutral,neutral,113,0,INCENTIVE_COMPATIBLE_EFFICIENT,neutral,PLAN_11,player_c_advocate,col,PLAN_11,PLAN_11,PLAN_22,PLAN_11,PLAN_11,0,1,0,1,ACCEPT,1,,0,0,0,1,ACCEPT,0,1,0,0,3,3,2,1,r2,stop,0,461
grok-4-1-fast-reasoning,game_plan_ncot,third_neutral,neutral,113,0,INCENTIVE_COMPATIBLE_EFFICIENT,neutral,PLAN_11,player_r_advocate,row,PLAN_11,PLAN_11,PLAN_11,PLAN_11,PLAN_11,1,1,1,1,ACCEPT,1,,0,0,0,1,ACCEPT,0,1,0,0,4,4,2,1,r2,stop,0,370
grok-4-1-fast-reasoning,game_plan_ncot,third_neutral,neutral,114,0,INCENTIVE_COMPATIBLE_EFFICIENT,neutral,PLAN_22,neutral_reader,none,PLAN_22,PLAN_22,PLAN_22,PLAN_22,PLAN_22,1,1,1,1,ACCEPT,1,,0,0,0,1,ACCEPT,0,1,0,0,,,,1,r3_label,stop,0,523
grok-4-1-fast-reasoning,game_plan_ncot,third_neutral,neutral,114,0,INCENTIVE_COMPATIBLE_EFFICIENT,neutral,PLAN_22,player_c_advocate,col,PLAN_22,PLAN_22,PLAN_11,PLAN_22,PLAN_22,0,1,0,1,ACCEPT,1,,0,0,0,1,ACCEPT,0,1,0,0,3,3,2,0,,stop,0,473
grok-4-1-fast-reasoning,game_plan_ncot,third_neutral,neutral,114,0,INCENTIVE_COMPATIBLE_EFFICIENT,neutral,PLAN_22,player_r_advocate,row,PLAN_22,PLAN_22,PLAN_22,PLAN_22,PLAN_22,1,1,1,1,ACCEPT,1,,0,0,0,1,ACCEPT,0,1,0,0,4,4,2,0,,stop,0,326
grok-4-1-fast-reasoning,game_plan_ncot,third_neutral,neutral,115,0,INCENTIVE_COMPATIBLE_EFFICIENT,neutral,PLAN_11,neutral_reader,none,PLAN_11,PLAN_11,PLAN_11,PLAN_11,PLAN_11,1,1,1,1,ACCEPT,1,,0,0,0,1,ACCEPT,0,1,0,0,,,,1,r2,stop,0,500
grok-4-1-fast-reasoning,game_plan_ncot,third_neutral,neutral,115,0,INCENTIVE_COMPATIBLE_EFFICIENT,neutral,PLAN_11,player_c_advocate,col,PLAN_11,PLAN_11,PLAN_11,PLAN_11,PLAN_11,1,1,1,1,ACCEPT,1,,0,0,0,1,ACCEPT,0,1,0,0,3,3,3,1,r2,stop,0,439
grok-4-1-fast-reasoning,game_plan_ncot,third_neutral,neutral,115,0,INCENTIVE_COMPATIBLE_EFFICIENT,neutral,PLAN_11,player_r_advocate,row,PLAN_11,PLAN_11,PLAN_12,PLAN_11,PLAN_11,0,1,0,1,ACCEPT,1,,0,0,0,1,ACCEPT,0,1,0,0,2,2,2,1,r2,stop,0,437
grok-4-1-fast-reasoning,game_plan_ncot,third_neutral,neutral,116,0,ZERO_SUM,cannot_assist,NO_UNIQUE_PLAN,neutral_reader,none,PLAN_12,PLAN_12,NO_UNIQUE_PLAN,PLAN_12,PLAN_12,,1,1,0,ACCEPT,1,,0,0,0,1,ACCEPT,0,1,0,0,,,,1,r2,stop,0,438
grok-4-1-fast-reasoning,game_plan_ncot,third_neutral,neutral,116,0,ZERO_SUM,cannot_assist,NO_UNIQUE_PLAN,player_c_advocate,col,PLAN_12,PLAN_12,PLAN_12,PLAN_12,PLAN_12,1,1,0,0,ACCEPT,1,,0,0,0,1,ACCEPT,0,1,0,0,3,3,3,1,r2,stop,0,434
grok-4-1-fast-reasoning,game_plan_ncot,third_neutral,neutral,116,0,ZERO_SUM,cannot_assist,NO_UNIQUE_PLAN,player_r_advocate,row,PLAN_12,PLAN_12,PLAN_11,PLAN_12,PLAN_12,0,1,0,0,ACCEPT,1,,0,0,0,1,ACCEPT,0,1,0,0,2,2,2,1,r2,stop,0,455
grok-4-1-fast-reasoning,game_plan_ncot,third_neutral,neutral,121,0,INCENTIVE_COMPATIBLE_EFFICIENT,neutral,PLAN_22,neutral_reader,none,PLAN_22,PLAN_22,PLAN_22,PLAN_22,PLAN_22,1,1,1,1,ACCEPT,1,,0,0,0,1,ACCEPT,0,1,0,0,,,,0,,stop,0,557
grok-4-1-fast-reasoning,game_plan_ncot,third_neutral,neutral,121,0,INCENTIVE_COMPATIBLE_EFFICIENT,neutral,PLAN_22,player_c_advocate,col,PLAN_22,PLAN_22,PLAN_22,PLAN_22,PLAN_22,1,1,1,1,ACCEPT,1,,0,0,0,1,ACCEPT,0,1,0,0,4,4,2,0,,stop,0,322
grok-4-1-fast-reasoning,game_plan_ncot,third_neutral,neutral,121,0,INCENTIVE_COMPATIBLE_EFFICIENT,neutral,PLAN_22,player_r_advocate,row,PLAN_22,PLAN_22,PLAN_11,PLAN_22,PLAN_22,0,1,0,1,ACCEPT,1,,0,0,0,1,ACCEPT,0,1,0,0,2,2,2,0,,stop,0,591
grok-4-1-fast-reasoning,game_plan_ncot,third_neutral,neutral,122,0,CONFLICT_OF_EQUILIBRIA,cannot_assist,NO_UNIQUE_PLAN,neutral_reader,none,NO_UNIQUE_PLAN,NO_UNIQUE_PLAN,NO_UNIQUE_PLAN,NO_UNIQUE_PLAN,NO_UNIQUE_PLAN,,,1,1,ACCEPT,1,,0,0,0,1,ACCEPT,0,1,0,0,,,,0,,stop,0,505
grok-4-1-fast-reasoning,game_plan_ncot,third_neutral,neutral,122,0,CONFLICT_OF_EQUILIBRIA,cannot_assist,NO_UNIQUE_PLAN,player_c_advocate,col,NO_UNIQUE_PLAN,NO_UNIQUE_PLAN,PLAN_11,NO_UNIQUE_PLAN,NO_UNIQUE_PLAN,1,,0,1,ACCEPT,1,,0,0,0,1,ACCEPT,0,1,0,,,4,2,0,,stop,0,539
grok-4-1-fast-reasoning,game_plan_ncot,third_neutral,neutral,122,0,CONFLICT_OF_EQUILIBRIA,cannot_assist,NO_UNIQUE_PLAN,player_r_advocate,row,NO_UNIQUE_PLAN,NO_UNIQUE_PLAN,PLAN_22,NO_UNIQUE_PLAN,NO_UNIQUE_PLAN,1,,0,1,ACCEPT,1,,0,0,0,1,ACCEPT,0,1,0,,,4,2,0,,stop,0,330
grok-4-1-fast-reasoning,game_plan_ncot,third_neutral,neutral,123,0,CONFLICT_OF_EQUILIBRIA,cannot_assist,NO_UNIQUE_PLAN,neutral_reader,none,NO_UNIQUE_PLAN,NO_UNIQUE_PLAN,NO_UNIQUE_PLAN,NO_UNIQUE_PLAN,NO_UNIQUE_PLAN,,,1,1,ACCEPT,1,,0,0,0,0,ACCEPT,0,1,0,0,,,,0,,stop,0,516
grok-4-1-fast-reasoning,game_plan_ncot,third_neutral,neutral,123,0,CONFLICT_OF_EQUILIBRIA,cannot_assist,NO_UNIQUE_PLAN,player_c_advocate,col,NO_UNIQUE_PLAN,NO_UNIQUE_PLAN,PLAN_22,NO_UNIQUE_PLAN,NO_UNIQUE_PLAN,1,,0,1,ACCEPT,1,,0,0,0,0,ACCEPT,0,1,0,,,4,2,0,,stop,0,506
grok-4-1-fast-reasoning,game_plan_ncot,third_neutral,neutral,123,0,CONFLICT_OF_EQUILIBRIA,cannot_assist,NO_UNIQUE_PLAN,player_r_advocate,row,NO_UNIQUE_PLAN,NO_UNIQUE_PLAN,PLAN_11,PLAN_11,PLAN_11,1,1,0,0,REJECT,1,unresolvable,224,1,0,0,REJECT,1,1,0,,,4,2,0,,stop,0,462
grok-4-1-fast-reasoning,game_plan_ncot,third_neutral,neutral,124,0,CONFLICT_OF_EQUILIBRIA,cannot_assist,NO_UNIQUE_PLAN,neutral_reader,none,PLAN_21,PLAN_21,PLAN_21,PLAN_21,PLAN_21,1,1,0,0,ACCEPT,1,,0,0,0,1,ACCEPT,0,1,0,0,,,,0,,stop,0,434
grok-4-1-fast-reasoning,game_plan_ncot,third_neutral,neutral,124,0,CONFLICT_OF_EQUILIBRIA,cannot_assist,NO_UNIQUE_PLAN,player_c_advocate,col,PLAN_21,PLAN_21,PLAN_12,PLAN_12,PLAN_21,1,1,0,0,ACCEPT,1,,0,0,0,1,ACCEPT,0,1,0,1,3,4,2,0,,stop,0,431
grok-4-1-fast-reasoning,game_plan_ncot,third_neutral,neutral,124,0,CONFLICT_OF_EQUILIBRIA,cannot_assist,NO_UNIQUE_PLAN,player_r_advocate,row,PLAN_21,PLAN_21,PLAN_21,PLAN_21,PLAN_21,1,1,0,0,ACCEPT,1,,0,0,0,1,ACCEPT,0,1,0,0,4,4,2,0,,stop,0,395
grok-4-1-fast-reasoning,game_plan_ncot,third_neutral,neutral,125,0,INCENTIVE_COMPATIBLE_EFFICIENT,neutral,PLAN_21,neutral_reader,none,PLAN_21,PLAN_21,PLAN_21,PLAN_21,PLAN_21,1,1,1,1,ACCEPT,1,,0,0,0,1,ACCEPT,0,1,0,0,,,,0,,stop,0,656
grok-4-1-fast-reasoning,game_plan_ncot,third_neutral,neutral,125,0,INCENTIVE_COMPATIBLE_EFFICIENT,neutral,PLAN_21,player_c_advocate,col,PLAN_21,PLAN_21,PLAN_21,PLAN_21,PLAN_21,1,1,1,1,ACCEPT,1,,0,0,0,1,ACCEPT,0,1,0,0,4,4,3,0,,stop,0,467
grok-4-1-fast-reasoning,game_plan_ncot,third_neutral,neutral,125,0,INCENTIVE_COMPATIBLE_EFFICIENT,neutral,PLAN_21,player_r_advocate,row,PLAN_21,PLAN_21,PLAN_12,NO_UNIQUE_PLAN,NO_UNIQUE_PLAN,0,,0,0,REJECT,1,,0,1,1,0,REJECT,1,1,0,0,2,2,2,0,,stop,0,482
grok-4-1-fast-reasoning,game_plan_ncot,third_neutral,neutral,126,0,INCENTIVE_COMPATIBLE_EFFICIENT,neutral,PLAN_12,neutral_reader,none,PLAN_12,PLAN_12,PLAN_12,PLAN_12,PLAN_12,1,1,1,1,ACCEPT,1,,0,0,0,1,ACCEPT,0,1,0,0,,,,1,r1|r2|r3_label|r4_vote,stop,0,299
grok-4-1-fast-reasoning,game_plan_ncot,third_neutral,neutral,126,0,INCENTIVE_COMPATIBLE_EFFICIENT,neutral,PLAN_12,player_c_advocate,col,PLAN_12,PLAN_12,PLAN_12,PLAN_12,PLAN_12,1,1,1,1,ACCEPT,1,,0,0,0,1,ACCEPT,0,1,0,0,4,4,3,1,r1|r2|r3_label|r4_vote,stop,0,439
grok-4-1-fast-reasoning,game_plan_ncot,third_neutral,neutral,126,0,INCENTIVE_COMPATIBLE_EFFICIENT,neutral,PLAN_12,player_r_advocate,row,PLAN_12,PLAN_12,PLAN_21,PLAN_12,PLAN_12,0,1,0,1,ACCEPT,1,,0,0,0,1,ACCEPT,0,1,0,0,2,2,2,1,r1|r2|r3_label|r4_vote,stop,0,506
grok-4-1-fast-reasoning,game_plan_ncot,third_neutral,neutral,131,0,INCENTIVE_COMPATIBLE_EFFICIENT,neutral,PLAN_11,neutral_reader,none,PLAN_11,PLAN_11,PLAN_11,PLAN_11,PLAN_11,1,1,1,1,ACCEPT,1,,0,0,0,1,ACCEPT,0,1,0,0,,,,0,,stop,0,545
grok-4-1-fast-reasoning,game_plan_ncot,third_neutral,neutral,131,0,INCENTIVE_COMPATIBLE_EFFICIENT,neutral,PLAN_11,player_c_advocate,col,PLAN_11,PLAN_11,PLAN_11,PLAN_11,PLAN_11,1,1,1,1,ACCEPT,1,,0,0,0,1,ACCEPT,0,1,0,0,4,4,2,0,,stop,0,467
grok-4-1-fast-reasoning,game_plan_ncot,third_neutral,neutral,131,0,INCENTIVE_COMPATIBLE_EFFICIENT,neutral,PLAN_11,player_r_advocate,row,PLAN_11,PLAN_11,PLAN_11,PLAN_11,PLAN_11,1,1,1,1,ACCEPT,1,,0,0,0,1,ACCEPT,0,1,0,0,3,3,2,0,,stop,0,417
grok-4-1-fast-reasoning,game_plan_ncot,third_neutral,neutral,132,0,CONFLICT_OF_EQUILIBRIA,cannot_assist,NO_UNIQUE_PLAN,neutral_reader,none,NO_UNIQUE_PLAN,NO_UNIQUE_PLAN,NO_UNIQUE_PLAN,NO_UNIQUE_PLAN,NO_UNIQUE_PLAN,,,1,1,ACCEPT,1,,0,0,0,1,ACCEPT,0,1,0,0,,,,0,,stop,0,386
grok-4-1-fast-reasoning,game_plan_ncot,third_neutral,neutral,132,0,CONFLICT_OF_EQUILIBRIA,cannot_assist,NO_UNIQUE_PLAN,player_c_advocate,col,NO_UNIQUE_PLAN,NO_UNIQUE_PLAN,PLAN_11,PLAN_11,NO_UNIQUE_PLAN,1,,0,1,ACCEPT,1,,0,0,0,1,ACCEPT,0,1,0,,,4,2,0,,stop,0,530
grok-4-1-fast-reasoning,game_plan_ncot,third_neutral,neutral,132,0,CONFLICT_OF_EQUILIBRIA,cannot_assist,NO_UNIQUE_PLAN,player_r_advocate,row,NO_UNIQUE_PLAN,NO_UNIQUE_PLAN,PLAN_22,NO_UNIQUE_PLAN,NO_UNIQUE_PLAN,1,,0,1,ACCEPT,1,,0,0,0,1,ACCEPT,0,1,0,,,4,2,0,,stop,0,457
grok-4-1-fast-reasoning,game_plan_ncot,third_neutral,neutral,133,0,CONFLICT_OF_EQUILIBRIA,cannot_assist,NO_UNIQUE_PLAN,neutral_reader,none,NO_UNIQUE_PLAN,NO_UNIQUE_PLAN,NO_UNIQUE_PLAN,NO_UNIQUE_PLAN,NO_UNIQUE_PLAN,,,1,1,ACCEPT,1,,0,0,0,1,ACCEPT,0,1,0,0,,,,0,,stop,0,511
grok-4-1-fast-reasoning,game_plan_ncot,third_neutral,neutral,133,0,CONFLICT_OF_EQUILIBRIA,cannot_assist,NO_UNIQUE_PLAN,player_c_advocate,col,NO_UNIQUE_PLAN,NO_UNIQUE_PLAN,PLAN_22,PLAN_22,PLAN_22,1,1,0,0,ACCEPT,1,,0,0,0,1,ACCEPT,0,1,0,,,4,2,0,,stop,0,478
grok-4-1-fast-reasoning,game_plan_ncot,third_neutral,neutral,133,0,CONFLICT_OF_EQUILIBRIA,cannot_assist,NO_UNIQUE_PLAN,player_r_advocate,row,NO_UNIQUE_PLAN,NO_UNIQUE_PLAN,PLAN_11,PLAN_11,PLAN_11,1,1,0,0,ACCEPT,1,,0,0,0,1,ACCEPT,0,1,0,,,4,2,0,,stop,0,424
grok-4-1-fast-reasoning,game_plan_ncot,third_neutral,neutral,134,0,CONFLICT_OF_EQUILIBRIA,cannot_assist,NO_UNIQUE_PLAN,neutral_reader,none,NO_UNIQUE_PLAN,NO_UNIQUE_PLAN,NO_UNIQUE_PLAN,NO_UNIQUE_PLAN,NO_UNIQUE_PLAN,,,1,1,ACCEPT,1,,0,0,0,1,ACCEPT,0,1,0,0,,,,1,r3_label|r4_vote,stop,0,420
grok-4-1-fast-reasoning,game_plan_ncot,third_neutral,neutral,134,0,CONFLICT_OF_EQUILIBRIA,cannot_assist,NO_UNIQUE_PLAN,player_c_advocate,col,NO_UNIQUE_PLAN,NO_UNIQUE_PLAN,PLAN_12,NO_UNIQUE_PLAN,NO_UNIQUE_PLAN,1,,0,1,ACCEPT,1,,0,0,0,1,ACCEPT,0,1,0,,,4,2,1,r3_label|r4_vote,stop,0,433
grok-4-1-fast-reasoning,game_plan_ncot,third_neutral,neutral,134,0,CONFLICT_OF_EQUILIBRIA,cannot_assist,NO_UNIQUE_PLAN,player_r_advocate,row,NO_UNIQUE_PLAN,NO_UNIQUE_PLAN,PLAN_21,PLAN_21,PLAN_21,1,1,0,0,ACCEPT_WITH_MODIFICATION,1,,0,1,1,1,ACCEPT,0,1,1,,,4,2,1,r3_label|r4_vote,stop,0,489
grok-4-1-fast-reasoning,game_plan_ncot,third_neutral,neutral,135,0,INCENTIVE_COMPATIBLE_EFFICIENT,neutral,PLAN_12,neutral_reader,none,PLAN_12,PLAN_12,PLAN_12,PLAN_12,PLAN_12,1,1,1,1,ACCEPT_WITH_MODIFICATION,1,modification,224,1,0,1,ACCEPT,0,1,1,0,,,,0,,stop,0,303
grok-4-1-fast-reasoning,game_plan_ncot,third_neutral,neutral,135,0,INCENTIVE_COMPATIBLE_EFFICIENT,neutral,PLAN_12,player_c_advocate,col,PLAN_12,PLAN_12,PLAN_12,PLAN_12,PLAN_12,1,1,1,1,ACCEPT,1,,0,0,0,1,ACCEPT,0,1,0,0,4,4,3,0,,stop,0,507
grok-4-1-fast-reasoning,game_plan_ncot,third_neutral,neutral,135,0,INCENTIVE_COMPATIBLE_EFFICIENT,neutral,PLAN_12,player_r_advocate,row,PLAN_12,PLAN_12,PLAN_21,PLAN_12,PLAN_12,0,1,0,1,ACCEPT,1,,0,0,0,1,ACCEPT,0,1,0,0,3,3,2,0,,stop,0,482
grok-4-1-fast-reasoning,game_plan_ncot,third_neutral,neutral,136,0,INCENTIVE_COMPATIBLE_EFFICIENT,neutral,PLAN_11,neutral_reader,none,PLAN_11,PLAN_11,PLAN_11,PLAN_11,PLAN_11,1,1,1,1,ACCEPT,1,,0,0,0,1,ACCEPT,0,1,0,0,,,,0,,stop,0,478
grok-4-1-fast-reasoning,game_plan_ncot,third_neutral,neutral,136,0,INCENTIVE_COMPATIBLE_EFFICIENT,neutral,PLAN_11,player_c_advocate,col,PLAN_11,PLAN_11,PLAN_11,PLAN_11,PLAN_11,1,1,1,1,ACCEPT,1,,0,0,0,1,ACCEPT,0,1,0,0,4,4,3,0,,stop,0,362
grok-4-1-fast-reasoning,game_plan_ncot,third_neutral,neutral,136,0,INCENTIVE_COMPATIBLE_EFFICIENT,neutral,PLAN_11,player_r_advocate,row,PLAN_11,PLAN_11,PLAN_22,PLAN_11,PLAN_11,0,1,0,1,ACCEPT,1,,0,0,0,1,ACCEPT,0,1,0,0,3,3,2,0,,stop,0,404
grok-4-1-fast-reasoning,game_plan_ncot,third_neutral,neutral,141,0,INCENTIVE_COMPATIBLE_EFFICIENT,neutral,PLAN_22,neutral_reader,none,PLAN_22,PLAN_22,PLAN_22,PLAN_22,PLAN_22,1,1,1,1,ACCEPT,1,,0,0,0,1,ACCEPT,0,1,0,0,,,,0,,stop,0,554
grok-4-1-fast-reasoning,game_plan_ncot,third_neutral,neutral,141,0,INCENTIVE_COMPATIBLE_EFFICIENT,neutral,PLAN_22,player_c_advocate,col,PLAN_22,PLAN_22,PLAN_22,PLAN_22,PLAN_22,1,1,1,1,ACCEPT,1,,0,0,0,1,ACCEPT,0,1,0,0,4,4,2,0,,stop,0,382
grok-4-1-fast-reasoning,game_plan_ncot,third_neutral,neutral,141,0,INCENTIVE_COMPATIBLE_EFFICIENT,neutral,PLAN_22,player_r_advocate,row,PLAN_22,PLAN_22,PLAN_22,PLAN_22,PLAN_22,1,1,1,1,ACCEPT,1,,0,0,0,1,ACCEPT,0,1,0,0,3,3,2,0,,stop,0,439
grok-4-1-fast-reasoning,game_plan_ncot,third_neutral,neutral,142,0,CONFLICT_OF_EQUILIBRIA,cannot_assist,NO_UNIQUE_PLAN,neutral_reader,none,NO_UNIQUE_PLAN,NO_UNIQUE_PLAN,NO_UNIQUE_PLAN,NO_UNIQUE_PLAN,NO_UNIQUE_PLAN,,,1,1,ACCEPT,1,,0,0,0,1,ACCEPT,0,1,0,0,,,,1,r1,stop,0,495
grok-4-1-fast-reasoning,game_plan_ncot,third_neutral,neutral,142,0,CONFLICT_OF_EQUILIBRIA,cannot_assist,NO_UNIQUE_PLAN,player_c_advocate,col,NO_UNIQUE_PLAN,NO_UNIQUE_PLAN,PLAN_12,NO_UNIQUE_PLAN,NO_UNIQUE_PLAN,1,,0,1,ACCEPT,1,,0,0,0,1,ACCEPT,0,1,0,,,4,2,1,r1,stop,0,537
grok-4-1-fast-reasoning,game_plan_ncot,third_neutral,neutral,142,0,CONFLICT_OF_EQUILIBRIA,cannot_assist,NO_UNIQUE_PLAN,player_r_advocate,row,NO_UNIQUE_PLAN,NO_UNIQUE_PLAN,PLAN_21,PLAN_21,PLAN_21,1,1,0,0,REJECT,1,unresolvable,311,1,0,0,REJECT,1,1,0,,,4,2,1,r1|r2,stop,0,545
grok-4-1-fast-reasoning,game_plan_ncot,third_neutral,neutral,143,0,CONFLICT_OF_EQUILIBRIA,cannot_assist,NO_UNIQUE_PLAN,neutral_reader,none,NO_UNIQUE_PLAN,NO_UNIQUE_PLAN,NO_UNIQUE_PLAN,NO_UNIQUE_PLAN,NO_UNIQUE_PLAN,,,1,1,ACCEPT,1,,0,0,0,1,ACCEPT,0,1,0,0,,,,0,,stop,0,506
grok-4-1-fast-reasoning,game_plan_ncot,third_neutral,neutral,143,0,CONFLICT_OF_EQUILIBRIA,cannot_assist,NO_UNIQUE_PLAN,player_c_advocate,col,NO_UNIQUE_PLAN,NO_UNIQUE_PLAN,PLAN_22,NO_UNIQUE_PLAN,NO_UNIQUE_PLAN,1,,0,1,ACCEPT,1,,0,0,0,1,ACCEPT,0,1,0,,,4,2,0,,stop,0,528
grok-4-1-fast-reasoning,game_plan_ncot,third_neutral,neutral,143,0,CONFLICT_OF_EQUILIBRIA,cannot_assist,NO_UNIQUE_PLAN,player_r_advocate,row,NO_UNIQUE_PLAN,NO_UNIQUE_PLAN,PLAN_11,NO_UNIQUE_PLAN,NO_UNIQUE_PLAN,1,,0,1,ACCEPT,1,,0,0,0,1,ACCEPT,0,1,0,,,4,2,0,,stop,0,585
grok-4-1-fast-reasoning,game_plan_ncot,third_neutral,neutral,144,0,CONFLICT_OF_EQUILIBRIA,cannot_assist,NO_UNIQUE_PLAN,neutral_reader,none,NO_UNIQUE_PLAN,NO_UNIQUE_PLAN,NO_UNIQUE_PLAN,NO_UNIQUE_PLAN,NO_UNIQUE_PLAN,,,1,1,ACCEPT,1,,0,0,0,1,ACCEPT,0,1,0,0,,,,0,,stop,0,437
grok-4-1-fast-reasoning,game_plan_ncot,third_neutral,neutral,144,0,CONFLICT_OF_EQUILIBRIA,cannot_assist,NO_UNIQUE_PLAN,player_c_advocate,col,NO_UNIQUE_PLAN,NO_UNIQUE_PLAN,PLAN_12,NO_UNIQUE_PLAN,NO_UNIQUE_PLAN,1,,0,1,ACCEPT,1,,0,0,0,1,ACCEPT,0,1,0,,,4,2,0,,stop,0,474
grok-4-1-fast-reasoning,game_plan_ncot,third_neutral,neutral,144,0,CONFLICT_OF_EQUILIBRIA,cannot_assist,NO_UNIQUE_PLAN,player_r_advocate,row,NO_UNIQUE_PLAN,NO_UNIQUE_PLAN,PLAN_21,PLAN_21,PLAN_21,1,1,0,0,REJECT,1,unresolvable,275,1,0,1,ACCEPT,0,1,1,,,4,2,0,,stop,0,521
grok-4-1-fast-reasoning,game_plan_ncot,third_neutral,neutral,145,0,INCENTIVE_COMPATIBLE_EFFICIENT,neutral,PLAN_12,neutral_reader,none,NO_UNIQUE_PLAN,PLAN_12,NO_UNIQUE_PLAN,PLAN_12,PLAN_12,,1,0,1,ACCEPT,1,,0,0,0,0,REJECT,1,1,0,0,,,,0,,stop,0,719
grok-4-1-fast-reasoning,game_plan_ncot,third_neutral,neutral,145,0,INCENTIVE_COMPATIBLE_EFFICIENT,neutral,PLAN_12,player_c_advocate,col,NO_UNIQUE_PLAN,PLAN_12,PLAN_12,PLAN_12,PLAN_12,1,1,1,1,ACCEPT,1,,0,0,0,0,REJECT,1,1,0,,,4,3,0,,stop,0,517
grok-4-1-fast-reasoning,game_plan_ncot,third_neutral,neutral,145,0,INCENTIVE_COMPATIBLE_EFFICIENT,neutral,PLAN_12,player_r_advocate,row,NO_UNIQUE_PLAN,PLAN_12,PLAN_21,NO_UNIQUE_PLAN,NO_UNIQUE_PLAN,0,,0,0,REJECT,1,unresolvable,187,1,0,1,ACCEPT,0,1,1,,,3,2,0,,stop,0,454
grok-4-1-fast-reasoning,game_plan_ncot,third_neutral,neutral,146,0,INCENTIVE_COMPATIBLE_EFFICIENT,neutral,PLAN_12,neutral_reader,none,PLAN_12,PLAN_12,NO_UNIQUE_PLAN,NO_UNIQUE_PLAN,PLAN_12,,1,0,1,ACCEPT,1,,0,0,0,0,ACCEPT,0,1,0,0,,,,0,,stop,0,411
grok-4-1-fast-reasoning,game_plan_ncot,third_neutral,neutral,146,0,INCENTIVE_COMPATIBLE_EFFICIENT,neutral,PLAN_12,player_c_advocate,col,PLAN_12,PLAN_12,PLAN_12,PLAN_12,PLAN_12,1,1,1,1,ACCEPT,1,,0,0,0,0,ACCEPT,0,1,0,0,4,4,3,0,,stop,0,468
grok-4-1-fast-reasoning,game_plan_ncot,third_neutral,neutral,146,0,INCENTIVE_COMPATIBLE_EFFICIENT,neutral,PLAN_12,player_r_advocate,row,PLAN_12,PLAN_12,PLAN_21,PLAN_12,PLAN_12,0,1,0,1,ACCEPT,1,,0,0,0,0,ACCEPT,0,1,0,0,3,3,2,0,,stop,0,418
grok-4-1-fast-reasoning,game_plan_ncot,third_neutral,neutral,151,0,INCENTIVE_COMPATIBLE_EFFICIENT,neutral,PLAN_22,neutral_reader,none,NO_UNIQUE_PLAN,NO_UNIQUE_PLAN,PLAN_22,PLAN_22,NO_UNIQUE_PLAN,1,,1,0,ACCEPT,1,,0,0,0,1,ACCEPT,0,1,0,0,,,,0,,stop,0,441
grok-4-1-fast-reasoning,game_plan_ncot,third_neutral,neutral,151,0,INCENTIVE_COMPATIBLE_EFFICIENT,neutral,PLAN_22,player_c_advocate,col,NO_UNIQUE_PLAN,NO_UNIQUE_PLAN,NO_UNIQUE_PLAN,NO_UNIQUE_PLAN,NO_UNIQUE_PLAN,,,0,0,ACCEPT,1,,0,0,0,1,ACCEPT,0,1,0,,,2,2,0,,stop,0,414
grok-4-1-fast-reasoning,game_plan_ncot,third_neutral,neutral,151,0,INCENTIVE_COMPATIBLE_EFFICIENT,neutral,PLAN_22,player_r_advocate,row,NO_UNIQUE_PLAN,NO_UNIQUE_PLAN,PLAN_21,NO_UNIQUE_PLAN,NO_UNIQUE_PLAN,0,,0,0,ACCEPT,1,,0,0,0,1,ACCEPT,0,1,0,,,3,3,0,,stop,0,554
grok-4-1-fast-reasoning,game_plan_ncot,third_neutral,neutral,152,0,INCENTIVE_COMPATIBLE_EFFICIENT,neutral,PLAN_12,neutral_reader,none,PLAN_12,PLAN_12,NO_UNIQUE_PLAN,PLAN_12,PLAN_12,,1,0,1,ACCEPT,1,,0,0,0,1,ACCEPT,0,1,0,0,,,,0,,stop,0,499
grok-4-1-fast-reasoning,game_plan_ncot,third_neutral,neutral,152,0,INCENTIVE_COMPATIBLE_EFFICIENT,neutral,PLAN_12,player_c_advocate,col,PLAN_12,PLAN_12,PLAN_21,PLAN_12,PLAN_12,0,1,0,1,ACCEPT,1,,0,0,0,1,ACCEPT,0,1,0,0,2,2,2,0,,stop,0,593
grok-4-1-fast-reasoning,game_plan_ncot,third_neutral,neutral,152,0,INCENTIVE_COMPATIBLE_EFFICIENT,neutral,PLAN_12,player_r_advocate,row,PLAN_12,PLAN_12,PLAN_12,PLAN_12,PLAN_12,1,1,1,1,ACCEPT,1,,0,0,0,1,ACCEPT,0,1,0,0,4,4,3,0,,stop,0,425
grok-4-1-fast-reasoning,game_plan_ncot,third_neutral,neutral,153,0,INCENTIVE_COMPATIBLE_EFFICIENT,neutral,PLAN_21,neutral_reader,none,PLAN_21,PLAN_21,NO_UNIQUE_PLAN,PLAN_21,PLAN_21,,1,0,1,ACCEPT,1,,0,0,0,1,ACCEPT,0,1,0,0,,,,1,r2,stop,0,646
grok-4-1-fast-reasoning,game_plan_ncot,third_neutral,neutral,153,0,INCENTIVE_COMPATIBLE_EFFICIENT,neutral,PLAN_21,player_c_advocate,col,PLAN_21,PLAN_21,PLAN_12,NO_UNIQUE_PLAN,NO_UNIQUE_PLAN,0,,0,0,REJECT,1,unresolvable,322,1,0,1,REJECT,1,1,0,0,3,3,2,1,r2|r3_label,stop,0,480
grok-4-1-fast-reasoning,game_plan_ncot,third_neutral,neutral,153,0,INCENTIVE_COMPATIBLE_EFFICIENT,neutral,PLAN_21,player_r_advocate,row,PLAN_21,PLAN_21,PLAN_21,PLAN_21,PLAN_21,1,1,1,1,ACCEPT,1,,0,0,0,1,ACCEPT,0,1,0,0,4,4,3,1,r2,stop,0,486
grok-4-1-fast-reasoning,game_plan_ncot,third_neutral,neutral,154,0,INCENTIVE_COMPATIBLE_EFFICIENT,neutral,PLAN_21,neutral_reader,none,PLAN_21,PLAN_21,PLAN_21,PLAN_21,PLAN_21,1,1,1,1,ACCEPT,1,,0,0,0,0,ACCEPT,0,1,0,0,,,,1,r3_label|r4_vote,stop,0,479
grok-4-1-fast-reasoning,game_plan_ncot,third_neutral,neutral,154,0,INCENTIVE_COMPATIBLE_EFFICIENT,neutral,PLAN_21,player_c_advocate,col,PLAN_21,PLAN_21,PLAN_12,PLAN_21,PLAN_21,0,1,0,1,ACCEPT,1,,0,0,0,0,ACCEPT,0,1,0,0,3,3,2,1,r3_label|r4_vote,stop,0,567
grok-4-1-fast-reasoning,game_plan_ncot,third_neutral,neutral,154,0,INCENTIVE_COMPATIBLE_EFFICIENT,neutral,PLAN_21,player_r_advocate,row,PLAN_21,PLAN_21,PLAN_21,PLAN_21,PLAN_21,1,1,1,1,ACCEPT,1,,0,0,0,0,ACCEPT,0,1,0,0,4,4,3,1,r3_label|r4_vote,stop,0,478
grok-4-1-fast-reasoning,game_plan_ncot,third_neutral,neutral,155,0,INCENTIVE_COMPATIBLE_EFFICIENT,neutral,PLAN_12,neutral_reader,none,PLAN_12,PLAN_12,PLAN_12,PLAN_12,PLAN_12,1,1,1,1,ACCEPT,1,,0,0,0,1,ACCEPT,0,1,0,0,,,,0,,stop,0,539
grok-4-1-fast-reasoning,game_plan_ncot,third_neutral,neutral,155,0,INCENTIVE_COMPATIBLE_EFFICIENT,neutral,PLAN_12,player_c_advocate,col,PLAN_12,PLAN_12,PLAN_12,PLAN_12,PLAN_12,1,1,1,1,ACCEPT,1,,0,0,0,1,ACCEPT,0,1,0,0,3,3,3,0,,stop,0,496
grok-4-1-fast-reasoning,game_plan_ncot,third_neutral,neutral,155,0,INCENTIVE_COMPATIBLE_EFFICIENT,neutral,PLAN_12,player_r_advocate,row,PLAN_12,PLAN_12,PLAN_12,PLAN_12,PLAN_12,1,1,1,1,ACCEPT,1,,0,0,0,1,ACCEPT,0,1,0,0,3,3,3,0,,stop,0,544
grok-4-1-fast-reasoning,game_plan_ncot,third_neutral,neutral,156,0,INCENTIVE_COMPATIBLE_EFFICIENT,neutral,PLAN_12,neutral_reader,none,PLAN_12,PLAN_12,PLAN_12,PLAN_12,PLAN_12,1,1,1,1,ACCEPT,1,,0,0,0,1,ACCEPT,0,1,0,0,,,,0,,stop,0,538
grok-4-1-fast-reasoning,game_plan_ncot,third_neutral,neutral,156,0,INCENTIVE_COMPATIBLE_EFFICIENT,neutral,PLAN_12,player_c_advocate,col,PLAN_12,PLAN_12,PLAN_22,PLAN_12,PLAN_12,0,1,0,1,ACCEPT,1,,0,0,0,1,ACCEPT,0,1,0,0,3,3,3,0,,stop,0,426
grok-4-1-fast-reasoning,game_plan_ncot,third_neutral,neutral,156,0,INCENTIVE_COMPATIBLE_EFFICIENT,neutral,PLAN_12,player_r_advocate,row,PLAN_12,PLAN_12,PLAN_11,PLAN_12,PLAN_12,0,1,0,1,ACCEPT,1,,0,0,0,1,ACCEPT,0,1,0,0,3,3,3,0,,stop,0,428
grok-4-1-fast-reasoning,game_plan_ncot,third_neutral,neutral,161,0,ZERO_SUM,cannot_assist,NO_UNIQUE_PLAN,neutral_reader,none,PLAN_22,PLAN_22,PLAN_22,PLAN_22,PLAN_22,1,1,0,0,ACCEPT,1,,0,0,0,1,ACCEPT,0,1,0,0,,,,0,,stop,0,450
grok-4-1-fast-reasoning,game_plan_ncot,third_neutral,neutral,161,0,ZERO_SUM,cannot_assist,NO_UNIQUE_PLAN,player_c_advocate,col,PLAN_22,PLAN_22,PLAN_12,PLAN_22,PLAN_22,0,1,0,0,ACCEPT,1,,0,0,0,1,ACCEPT,0,1,0,0,2,2,2,0,,stop,0,485
grok-4-1-fast-reasoning,game_plan_ncot,third_neutral,neutral,161,0,ZERO_SUM,cannot_assist,NO_UNIQUE_PLAN,player_r_advocate,row,PLAN_22,PLAN_22,PLAN_22,PLAN_22,PLAN_22,1,1,0,0,ACCEPT,1,,0,0,0,1,ACCEPT,0,1,0,0,3,3,3,0,,stop,0,446
grok-4-1-fast-reasoning,game_plan_ncot,third_neutral,neutral,162,0,INCENTIVE_COMPATIBLE_EFFICIENT,neutral,PLAN_22,neutral_reader,none,PLAN_22,PLAN_22,PLAN_22,PLAN_22,PLAN_22,1,1,1,1,ACCEPT,1,,0,0,0,1,ACCEPT,0,1,0,0,,,,0,,stop,0,550
grok-4-1-fast-reasoning,game_plan_ncot,third_neutral,neutral,162,0,INCENTIVE_COMPATIBLE_EFFICIENT,neutral,PLAN_22,player_c_advocate,col,PLAN_22,PLAN_22,PLAN_11,PLAN_22,PLAN_22,0,1,0,1,ACCEPT,1,,0,0,0,1,ACCEPT,0,1,0,0,2,2,2,0,,stop,0,390
grok-4-1-fast-reasoning,game_plan_ncot,third_neutral,neutral,162,0,INCENTIVE_COMPATIBLE_EFFICIENT,neutral,PLAN_22,player_r_advocate,row,PLAN_22,PLAN_22,PLAN_22,PLAN_22,PLAN_22,1,1,1,1,ACCEPT,1,,0,0,0,1,ACCEPT,0,1,0,0,4,4,3,0,,stop,0,431
grok-4-1-fast-reasoning,game_plan_ncot,third_neutral,neutral,163,0,INCENTIVE_COMPATIBLE_EFFICIENT,neutral,PLAN_22,neutral_reader,none,PLAN_22,PLAN_22,PLAN_22,PLAN_22,PLAN_22,1,1,1,1,ACCEPT,1,,0,0,0,1,ACCEPT,0,1,0,0,,,,0,,stop,0,509
grok-4-1-fast-reasoning,game_plan_ncot,third_neutral,neutral,163,0,INCENTIVE_COMPATIBLE_EFFICIENT,neutral,PLAN_22,player_c_advocate,col,PLAN_22,PLAN_22,PLAN_11,NO_UNIQUE_PLAN,NO_UNIQUE_PLAN,0,,0,0,REJECT,1,unresolvable,192,1,0,0,REJECT,1,1,0,0,3,3,2,0,,stop,0,423
grok-4-1-fast-reasoning,game_plan_ncot,third_neutral,neutral,163,0,INCENTIVE_COMPATIBLE_EFFICIENT,neutral,PLAN_22,player_r_advocate,row,PLAN_22,PLAN_22,PLAN_22,PLAN_22,PLAN_22,1,1,1,1,ACCEPT,1,,0,0,0,1,ACCEPT,0,1,0,0,4,4,3,0,,stop,0,419
grok-4-1-fast-reasoning,game_plan_ncot,third_neutral,neutral,164,0,INCENTIVE_COMPATIBLE_EFFICIENT,neutral,PLAN_21,neutral_reader,none,PLAN_21,PLAN_21,PLAN_21,PLAN_21,PLAN_21,1,1,1,1,ACCEPT,1,,0,0,0,1,ACCEPT,0,1,0,0,,,,1,r2,stop,0,533
grok-4-1-fast-reasoning,game_plan_ncot,third_neutral,neutral,164,0,INCENTIVE_COMPATIBLE_EFFICIENT,neutral,PLAN_21,player_c_advocate,col,PLAN_21,PLAN_21,PLAN_12,PLAN_21,PLAN_21,0,1,0,1,ACCEPT,1,,0,0,0,1,ACCEPT,0,1,0,0,3,3,2,1,r2,stop,0,388
grok-4-1-fast-reasoning,game_plan_ncot,third_neutral,neutral,164,0,INCENTIVE_COMPATIBLE_EFFICIENT,neutral,PLAN_21,player_r_advocate,row,PLAN_21,PLAN_21,PLAN_21,PLAN_21,PLAN_21,1,1,1,1,ACCEPT,1,,0,0,0,1,ACCEPT,0,1,0,0,4,4,3,1,r2,stop,0,410
grok-4-1-fast-reasoning,game_plan_ncot,third_neutral,neutral,165,0,INCENTIVE_COMPATIBLE_EFFICIENT,neutral,PLAN_12,neutral_reader,none,PLAN_12,PLAN_12,PLAN_12,PLAN_12,PLAN_12,1,1,1,1,ACCEPT,1,,0,0,0,0,ACCEPT,0,1,0,0,,,,0,,stop,0,512
grok-4-1-fast-reasoning,game_plan_ncot,third_neutral,neutral,165,0,INCENTIVE_COMPATIBLE_EFFICIENT,neutral,PLAN_12,player_c_advocate,col,PLAN_12,PLAN_12,PLAN_12,PLAN_12,PLAN_12,1,1,1,1,ACCEPT,1,,0,0,0,0,ACCEPT,0,1,0,0,3,3,3,0,,stop,0,420
grok-4-1-fast-reasoning,game_plan_ncot,third_neutral,neutral,165,0,INCENTIVE_COMPATIBLE_EFFICIENT,neutral,PLAN_12,player_r_advocate,row,PLAN_12,PLAN_12,PLAN_11,PLAN_12,PLAN_12,0,1,0,1,ACCEPT,1,,0,0,0,0,ACCEPT,0,1,0,0,3,3,3,0,,stop,0,437
grok-4-1-fast-reasoning,game_plan_ncot,third_neutral,neutral,166,0,INCENTIVE_COMPATIBLE_EFFICIENT,neutral,PLAN_11,neutral_reader,none,PLAN_11,PLAN_11,PLAN_11,PLAN_11,PLAN_11,1,1,1,1,ACCEPT,1,,0,0,0,1,ACCEPT,0,1,0,0,,,,0,,stop,0,476
grok-4-1-fast-reasoning,game_plan_ncot,third_neutral,neutral,166,0,INCENTIVE_COMPATIBLE_EFFICIENT,neutral,PLAN_11,player_c_advocate,col,PLAN_11,PLAN_11,PLAN_11,PLAN_11,PLAN_11,1,1,1,1,ACCEPT,1,,0,0,0,1,ACCEPT,0,1,0,0,3,3,3,0,,stop,0,430
grok-4-1-fast-reasoning,game_plan_ncot,third_neutral,neutral,166,0,INCENTIVE_COMPATIBLE_EFFICIENT,neutral,PLAN_11,player_r_advocate,row,PLAN_11,PLAN_11,PLAN_12,PLAN_11,PLAN_11,0,1,0,1,ACCEPT,1,,0,0,0,1,ACCEPT,0,1,0,0,3,3,3,0,,stop,0,441
grok-4-1-fast-reasoning,game_plan_ncot,third_neutral,neutral,211,0,INCENTIVE_COMPATIBLE_EFFICIENT,neutral,PLAN_22,neutral_reader,none,PLAN_22,PLAN_22,PLAN_22,PLAN_22,PLAN_22,1,1,1,1,ACCEPT,1,,0,0,0,1,ACCEPT,0,1,0,0,,,,0,,stop,0,457
grok-4-1-fast-reasoning,game_plan_ncot,third_neutral,neutral,211,0,INCENTIVE_COMPATIBLE_EFFICIENT,neutral,PLAN_22,player_c_advocate,col,PLAN_22,PLAN_22,PLAN_22,PLAN_22,PLAN_22,1,1,1,1,ACCEPT,1,,0,0,0,1,ACCEPT,0,1,0,0,4,4,2,0,,stop,0,427
grok-4-1-fast-reasoning,game_plan_ncot,third_neutral,neutral,211,0,INCENTIVE_COMPATIBLE_EFFICIENT,neutral,PLAN_22,player_r_advocate,row,PLAN_22,PLAN_22,PLAN_21,PLAN_22,PLAN_22,0,1,0,1,ACCEPT,1,,0,0,0,1,ACCEPT,0,1,0,0,2,2,2,1,r3_label,stop,0,432
grok-4-1-fast-reasoning,game_plan_ncot,third_neutral,neutral,212,0,INCENTIVE_COMPATIBLE_EFFICIENT,neutral,PLAN_21,neutral_reader,none,PLAN_21,PLAN_21,PLAN_21,PLAN_21,PLAN_21,1,1,1,1,ACCEPT,1,,0,0,0,1,ACCEPT,0,1,0,0,,,,1,r1|r2,stop,0,445
grok-4-1-fast-reasoning,game_plan_ncot,third_neutral,neutral,212,0,INCENTIVE_COMPATIBLE_EFFICIENT,neutral,PLAN_21,player_c_advocate,col,PLAN_21,PLAN_21,PLAN_21,PLAN_21,PLAN_21,1,1,1,1,ACCEPT,1,,0,0,0,1,ACCEPT,0,1,0,0,4,4,2,1,r1,stop,0,453
grok-4-1-fast-reasoning,game_plan_ncot,third_neutral,neutral,212,0,INCENTIVE_COMPATIBLE_EFFICIENT,neutral,PLAN_21,player_r_advocate,row,PLAN_21,PLAN_21,PLAN_22,PLAN_21,PLAN_21,0,1,0,1,ACCEPT,1,,0,0,0,1,ACCEPT,0,1,0,0,2,2,2,1,r1,stop,0,558
grok-4-1-fast-reasoning,game_plan_ncot,third_neutral,neutral,213,0,INCENTIVE_COMPATIBLE_EFFICIENT,neutral,PLAN_11,neutral_reader,none,PLAN_11,PLAN_11,PLAN_11,PLAN_11,PLAN_11,1,1,1,1,ACCEPT,1,,0,0,0,0,ACCEPT,0,1,0,0,,,,1,r1,stop,0,441
grok-4-1-fast-reasoning,game_plan_ncot,third_neutral,neutral,213,0,INCENTIVE_COMPATIBLE_EFFICIENT,neutral,PLAN_11,player_c_advocate,col,PLAN_11,PLAN_11,PLAN_11,PLAN_11,PLAN_11,1,1,1,1,ACCEPT,1,,0,0,0,0,ACCEPT,0,1,0,0,4,4,2,1,r1,stop,0,478
grok-4-1-fast-reasoning,game_plan_ncot,third_neutral,neutral,213,0,INCENTIVE_COMPATIBLE_EFFICIENT,neutral,PLAN_11,player_r_advocate,row,PLAN_11,PLAN_11,PLAN_12,PLAN_11,PLAN_11,0,1,0,1,ACCEPT,1,,0,0,0,0,ACCEPT,0,1,0,0,2,2,2,1,r1|r2,stop,0,505
grok-4-1-fast-reasoning,game_plan_ncot,third_neutral,neutral,214,0,INCENTIVE_COMPATIBLE_EFFICIENT,neutral,PLAN_22,neutral_reader,none,PLAN_22,PLAN_22,PLAN_22,PLAN_22,PLAN_22,1,1,1,1,ACCEPT,1,,0,0,0,1,ACCEPT,0,1,0,0,,,,1,r1,stop,0,535
grok-4-1-fast-reasoning,game_plan_ncot,third_neutral,neutral,214,0,INCENTIVE_COMPATIBLE_EFFICIENT,neutral,PLAN_22,player_c_advocate,col,PLAN_22,PLAN_22,PLAN_22,PLAN_22,PLAN_22,1,1,1,1,ACCEPT,1,,0,0,0,1,ACCEPT,0,1,0,0,4,4,2,1,r1|r2,stop,0,376
grok-4-1-fast-reasoning,game_plan_ncot,third_neutral,neutral,214,0,INCENTIVE_COMPATIBLE_EFFICIENT,neutral,PLAN_22,player_r_advocate,row,PLAN_22,PLAN_22,PLAN_11,PLAN_22,PLAN_22,0,1,0,1,ACCEPT,1,,0,0,0,1,ACCEPT,0,1,0,0,2,2,2,1,r1,stop,0,473
grok-4-1-fast-reasoning,game_plan_ncot,third_neutral,neutral,215,0,INCENTIVE_COMPATIBLE_EFFICIENT,neutral,PLAN_21,neutral_reader,none,PLAN_21,PLAN_21,PLAN_21,PLAN_21,PLAN_21,1,1,1,1,ACCEPT,1,,0,0,0,1,ACCEPT,0,1,0,0,,,,0,,stop,0,376
grok-4-1-fast-reasoning,game_plan_ncot,third_neutral,neutral,215,0,INCENTIVE_COMPATIBLE_EFFICIENT,neutral,PLAN_21,player_c_advocate,col,PLAN_21,PLAN_21,PLAN_21,PLAN_21,PLAN_21,1,1,1,1,ACCEPT,1,,0,0,0,1,ACCEPT,0,1,0,0,4,4,3,0,,stop,0,381
grok-4-1-fast-reasoning,game_plan_ncot,third_neutral,neutral,215,0,INCENTIVE_COMPATIBLE_EFFICIENT,neutral,PLAN_21,player_r_advocate,row,PLAN_21,PLAN_21,PLAN_22,PLAN_21,PLAN_21,0,1,0,1,ACCEPT,1,,0,0,0,1,ACCEPT,0,1,0,0,2,2,2,0,,stop,0,460
grok-4-1-fast-reasoning,game_plan_ncot,third_neutral,neutral,216,0,INCENTIVE_COMPATIBLE_EFFICIENT,neutral,PLAN_21,neutral_reader,none,PLAN_21,PLAN_21,PLAN_21,PLAN_21,PLAN_21,1,1,1,1,ACCEPT,1,,0,0,0,1,ACCEPT,0,1,0,0,,,,1,r1|r2,stop,0,436
grok-4-1-fast-reasoning,game_plan_ncot,third_neutral,neutral,216,0,INCENTIVE_COMPATIBLE_EFFICIENT,neutral,PLAN_21,player_c_advocate,col,PLAN_21,PLAN_21,PLAN_21,PLAN_21,PLAN_21,1,1,1,1,ACCEPT,1,,0,0,0,1,ACCEPT,0,1,0,0,4,4,3,1,r1,stop,0,487
grok-4-1-fast-reasoning,game_plan_ncot,third_neutral,neutral,216,0,INCENTIVE_COMPATIBLE_EFFICIENT,neutral,PLAN_21,player_r_advocate,row,PLAN_21,PLAN_21,PLAN_22,PLAN_21,PLAN_21,0,1,0,1,ACCEPT,1,,0,0,0,1,ACCEPT,0,1,0,0,2,2,2,1,r1,stop,0,418
grok-4-1-fast-reasoning,game_plan_ncot,third_neutral,neutral,221,0,DILEMMA_BOTH_PREFER,value,PLAN_12,neutral_reader,none,PLAN_12,PLAN_12,PLAN_12,PLAN_12,PLAN_12,0,0,1,1,ACCEPT,1,,0,0,0,1,ACCEPT,0,1,0,0,,,,0,,stop,0,513
grok-4-1-fast-reasoning,game_plan_ncot,third_neutral,neutral,221,0,DILEMMA_BOTH_PREFER,value,PLAN_12,player_c_advocate,col,PLAN_12,PLAN_12,PLAN_12,PLAN_12,PLAN_12,0,0,1,1,ACCEPT,1,,0,0,0,1,ACCEPT,0,1,0,0,3,2,2,0,,stop,0,452
grok-4-1-fast-reasoning,game_plan_ncot,third_neutral,neutral,221,0,DILEMMA_BOTH_PREFER,value,PLAN_12,player_r_advocate,row,PLAN_12,PLAN_12,PLAN_12,PLAN_12,PLAN_12,0,0,1,1,ACCEPT,1,,0,0,0,1,ACCEPT,0,1,0,0,4,2,2,0,,stop,0,433
grok-4-1-fast-reasoning,game_plan_ncot,third_neutral,neutral,222,0,CYCLIC_NO_IDEAL,cannot_assist,NO_UNIQUE_PLAN,neutral_reader,none,PLAN_22,PLAN_22,PLAN_22,PLAN_22,PLAN_22,0,0,0,0,ACCEPT,1,,0,0,0,1,ACCEPT,0,1,0,0,,,,0,,stop,0,457
grok-4-1-fast-reasoning,game_plan_ncot,third_neutral,neutral,222,0,CYCLIC_NO_IDEAL,cannot_assist,NO_UNIQUE_PLAN,player_c_advocate,col,PLAN_22,PLAN_22,PLAN_21,PLAN_22,PLAN_22,0,0,0,0,ACCEPT,1,,0,0,0,1,ACCEPT,0,1,0,,3,,2,0,,stop,0,424
grok-4-1-fast-reasoning,game_plan_ncot,third_neutral,neutral,222,0,CYCLIC_NO_IDEAL,cannot_assist,NO_UNIQUE_PLAN,player_r_advocate,row,PLAN_22,PLAN_22,PLAN_22,PLAN_22,PLAN_22,0,0,0,0,ACCEPT,1,,0,0,0,1,ACCEPT,0,1,0,,4,,2,0,,stop,0,399
grok-4-1-fast-reasoning,game_plan_ncot,third_neutral,neutral,223,0,CYCLIC_NO_IDEAL,cannot_assist,NO_UNIQUE_PLAN,neutral_reader,none,PLAN_11,PLAN_11,NO_UNIQUE_PLAN,NO_UNIQUE_PLAN,PLAN_11,,0,1,0,ACCEPT,1,,0,0,0,1,ACCEPT,0,1,0,0,,,,1,r2|r3_label|r4_vote,stop,0,409
grok-4-1-fast-reasoning,game_plan_ncot,third_neutral,neutral,223,0,CYCLIC_NO_IDEAL,cannot_assist,NO_UNIQUE_PLAN,player_c_advocate,col,PLAN_11,PLAN_11,PLAN_22,PLAN_11,PLAN_11,0,0,0,0,ACCEPT,1,,0,0,0,1,ACCEPT,0,1,0,,3,,2,1,r2|r3_label|r4_vote,stop,0,333
grok-4-1-fast-reasoning,game_plan_ncot,third_neutral,neutral,223,0,CYCLIC_NO_IDEAL,cannot_assist,NO_UNIQUE_PLAN,player_r_advocate,row,PLAN_11,PLAN_11,PLAN_21,NO_UNIQUE_PLAN,PLAN_11,0,0,0,0,ACCEPT,1,,0,0,0,1,ACCEPT,0,1,0,,3,,2,1,r2|r3_label|r4_vote,stop,0,461
grok-4-1-fast-reasoning,game_plan_ncot,third_neutral,neutral,224,0,CYCLIC_NO_IDEAL,cannot_assist,NO_UNIQUE_PLAN,neutral_reader,none,NO_UNIQUE_PLAN,NO_UNIQUE_PLAN,NO_UNIQUE_PLAN,NO_UNIQUE_PLAN,NO_UNIQUE_PLAN,,,1,1,ACCEPT,1,,0,0,0,1,ACCEPT,0,1,0,0,,,,1,r3_label|r4_vote,stop,0,477
grok-4-1-fast-reasoning,game_plan_ncot,third_neutral,neutral,224,0,CYCLIC_NO_IDEAL,cannot_assist,NO_UNIQUE_PLAN,player_c_advocate,col,NO_UNIQUE_PLAN,NO_UNIQUE_PLAN,PLAN_12,NO_UNIQUE_PLAN,NO_UNIQUE_PLAN,0,,0,1,ACCEPT,1,,0,0,0,1,ACCEPT,0,1,0,,,,2,1,r3_label|r4_vote,stop,0,501
grok-4-1-fast-reasoning,game_plan_ncot,third_neutral,neutral,224,0,CYCLIC_NO_IDEAL,cannot_assist,NO_UNIQUE_PLAN,player_r_advocate,row,NO_UNIQUE_PLAN,NO_UNIQUE_PLAN,PLAN_11,NO_UNIQUE_PLAN,NO_UNIQUE_PLAN,0,,0,1,ACCEPT,1,,0,0,0,1,ACCEPT,0,1,0,,,,2,1,r3_label|r4_vote,stop,0,530
grok-4-1-fast-reasoning,game_plan_ncot,third_neutral,neutral,225,0,ZERO_SUM,cannot_assist,NO_UNIQUE_PLAN,neutral_reader,none,PLAN_12,PLAN_12,PLAN_12,PLAN_12,PLAN_12,1,1,0,0,ACCEPT,1,,0,0,0,1,ACCEPT,0,1,0,0,,,,1,r2,stop,0,557
grok-4-1-fast-reasoning,game_plan_ncot,third_neutral,neutral,225,0,ZERO_SUM,cannot_assist,NO_UNIQUE_PLAN,player_c_advocate,col,PLAN_12,PLAN_12,PLAN_12,PLAN_12,PLAN_12,1,1,0,0,ACCEPT,1,,0,0,0,1,ACCEPT,0,1,0,0,3,3,3,1,r2,stop,0,485
grok-4-1-fast-reasoning,game_plan_ncot,third_neutral,neutral,225,0,ZERO_SUM,cannot_assist,NO_UNIQUE_PLAN,player_r_advocate,row,PLAN_12,PLAN_12,PLAN_21,PLAN_12,PLAN_12,0,1,0,0,ACCEPT,1,,0,0,0,1,ACCEPT,0,1,0,0,2,2,2,1,r2,stop,0,444
grok-4-1-fast-reasoning,game_plan_ncot,third_neutral,neutral,226,0,INCENTIVE_COMPATIBLE_EFFICIENT,neutral,PLAN_11,neutral_reader,none,PLAN_11,PLAN_11,PLAN_11,PLAN_11,PLAN_11,1,1,1,1,ACCEPT,1,,0,0,0,1,ACCEPT,0,1,0,0,,,,0,,stop,0,489
grok-4-1-fast-reasoning,game_plan_ncot,third_neutral,neutral,226,0,INCENTIVE_COMPATIBLE_EFFICIENT,neutral,PLAN_11,player_c_advocate,col,PLAN_11,PLAN_11,PLAN_11,PLAN_11,PLAN_11,1,1,1,1,ACCEPT,1,,0,0,0,1,ACCEPT,0,1,0,0,3,3,3,0,,stop,0,405
grok-4-1-fast-reasoning,game_plan_ncot,third_neutral,neutral,226,0,INCENTIVE_COMPATIBLE_EFFICIENT,neutral,PLAN_11,player_r_advocate,row,PLAN_11,PLAN_11,PLAN_22,PLAN_11,PLAN_11,0,1,0,1,ACCEPT,1,,0,0,0,1,ACCEPT,0,1,0,0,2,2,2,0,,stop,0,492
grok-4-1-fast-reasoning,game_plan_ncot,third_neutral,neutral,231,0,DILEMMA_BOTH_PREFER,value,PLAN_21,neutral_reader,none,PLAN_21,PLAN_21,NO_UNIQUE_PLAN,PLAN_21,PLAN_21,,0,0,1,ACCEPT,1,,0,0,0,1,ACCEPT,0,1,0,0,,,,0,,stop,0,440
grok-4-1-fast-reasoning,game_plan_ncot,third_neutral,neutral,231,0,DILEMMA_BOTH_PREFER,value,PLAN_21,player_c_advocate,col,PLAN_21,PLAN_21,PLAN_21,PLAN_21,PLAN_21,0,0,1,1,ACCEPT,1,,0,0,0,1,ACCEPT,0,1,0,0,3,2,2,0,,stop,0,448
grok-4-1-fast-reasoning,game_plan_ncot,third_neutral,neutral,231,0,DILEMMA_BOTH_PREFER,value,PLAN_21,player_r_advocate,row,PLAN_21,PLAN_21,PLAN_21,PLAN_21,PLAN_21,0,0,1,1,ACCEPT,1,,0,0,0,1,ACCEPT,0,1,0,0,4,3,2,0,,stop,0,381
grok-4-1-fast-reasoning,game_plan_ncot,third_neutral,neutral,232,0,CYCLIC_NO_IDEAL,cannot_assist,NO_UNIQUE_PLAN,neutral_reader,none,PLAN_22,PLAN_22,NO_UNIQUE_PLAN,PLAN_22,PLAN_22,,0,1,0,ACCEPT,1,,0,0,0,1,ACCEPT,0,1,0,0,,,,0,,stop,0,481
grok-4-1-fast-reasoning,game_plan_ncot,third_neutral,neutral,232,0,CYCLIC_NO_IDEAL,cannot_assist,NO_UNIQUE_PLAN,player_c_advocate,col,PLAN_22,PLAN_22,PLAN_22,PLAN_22,PLAN_22,0,0,0,0,ACCEPT,1,,0,0,0,1,ACCEPT,0,1,0,,3,,2,0,,stop,0,389
grok-4-1-fast-reasoning,game_plan_ncot,third_neutral,neutral,232,0,CYCLIC_NO_IDEAL,cannot_assist,NO_UNIQUE_PLAN,player_r_advocate,row,PLAN_22,PLAN_22,PLAN_22,PLAN_22,PLAN_22,0,0,0,0,ACCEPT,1,,0,0,0,1,ACCEPT,0,1,0,,4,,2,0,,stop,0,456
grok-4-1-fast-reasoning,game_plan_ncot,third_neutral,neutral,233,0,CYCLIC_NO_IDEAL,cannot_assist,NO_UNIQUE_PLAN,neutral_reader,none,NO_UNIQUE_PLAN,NO_UNIQUE_PLAN,NO_UNIQUE_PLAN,NO_UNIQUE_PLAN,NO_UNIQUE_PLAN,,,1,1,ACCEPT,1,,0,0,0,1,ACCEPT,0,1,0,0,,,,0,,stop,0,300
grok-4-1-fast-reasoning,game_plan_ncot,third_neutral,neutral,233,0,CYCLIC_NO_IDEAL,cannot_assist,NO_UNIQUE_PLAN,player_c_advocate,col,NO_UNIQUE_PLAN,NO_UNIQUE_PLAN,PLAN_21,NO_UNIQUE_PLAN,NO_UNIQUE_PLAN,0,,0,1,ACCEPT,1,,0,0,0,1,ACCEPT,0,1,0,,,,2,0,,stop,0,451
grok-4-1-fast-reasoning,game_plan_ncot,third_neutral,neutral,233,0,CYCLIC_NO_IDEAL,cannot_assist,NO_UNIQUE_PLAN,player_r_advocate,row,NO_UNIQUE_PLAN,NO_UNIQUE_PLAN,PLAN_22,NO_UNIQUE_PLAN,NO_UNIQUE_PLAN,0,,0,1,ACCEPT,1,,0,0,0,1,ACCEPT,0,1,0,,,,2,0,,stop,0,505
grok-4-1-fast-reasoning,game_plan_ncot,third_neutral,neutral,234,0,ZERO_SUM,cannot_assist,NO_UNIQUE_PLAN,neutral_reader,none,NO_UNIQUE_PLAN,NO_UNIQUE_PLAN,NO_UNIQUE_PLAN,NO_UNIQUE_PLAN,NO_UNIQUE_PLAN,,,1,1,ACCEPT,1,,0,0,0,0,ACCEPT,0,1,0,0,,,,0,,stop,0,409
grok-4-1-fast-reasoning,game_plan_ncot,third_neutral,neutral,234,0,ZERO_SUM,cannot_assist,NO_UNIQUE_PLAN,player_c_advocate,col,NO_UNIQUE_PLAN,NO_UNIQUE_PLAN,PLAN_21,NO_UNIQUE_PLAN,NO_UNIQUE_PLAN,0,,0,1,ACCEPT,1,,0,0,0,0,ACCEPT,0,1,0,,,,2,0,,stop,0,481
grok-4-1-fast-reasoning,game_plan_ncot,third_neutral,neutral,234,0,ZERO_SUM,cannot_assist,NO_UNIQUE_PLAN,player_r_advocate,row,NO_UNIQUE_PLAN,NO_UNIQUE_PLAN,PLAN_22,NO_UNIQUE_PLAN,NO_UNIQUE_PLAN,0,,0,1,ACCEPT,1,,0,0,0,0,ACCEPT,0,1,0,,,,2,0,,stop,0,512
grok-4-1-fast-reasoning,game_plan_ncot,third_neutral,neutral,235,0,INCENTIVE_COMPATIBLE_EFFICIENT,neutral,PLAN_12,neutral_reader,none,PLAN_12,PLAN_12,NO_UNIQUE_PLAN,PLAN_12,PLAN_12,,1,0,1,ACCEPT,1,,0,0,0,1,ACCEPT,0,1,0,0,,,,0,,stop,0,599
grok-4-1-fast-reasoning,game_plan_ncot,third_neutral,neutral,235,0,INCENTIVE_COMPATIBLE_EFFICIENT,neutral,PLAN_12,player_c_advocate,col,PLAN_12,PLAN_12,PLAN_12,PLAN_12,PLAN_12,1,1,1,1,ACCEPT,1,,0,0,0,1,ACCEPT,0,1,0,0,3,3,3,0,,stop,0,495
grok-4-1-fast-reasoning,game_plan_ncot,third_neutral,neutral,235,0,INCENTIVE_COMPATIBLE_EFFICIENT,neutral,PLAN_12,player_r_advocate,row,PLAN_12,PLAN_12,PLAN_21,PLAN_12,PLAN_12,0,1,0,1,ACCEPT,1,,0,0,0,1,ACCEPT,0,1,0,0,3,3,2,0,,stop,0,486
grok-4-1-fast-reasoning,game_plan_ncot,third_neutral,neutral,236,0,INCENTIVE_COMPATIBLE_EFFICIENT,neutral,PLAN_12,neutral_reader,none,PLAN_12,PLAN_12,PLAN_12,PLAN_12,PLAN_12,1,1,1,1,ACCEPT,1,,0,0,0,1,ACCEPT,0,1,0,0,,,,0,,stop,0,593
grok-4-1-fast-reasoning,game_plan_ncot,third_neutral,neutral,236,0,INCENTIVE_COMPATIBLE_EFFICIENT,neutral,PLAN_12,player_c_advocate,col,PLAN_12,PLAN_12,PLAN_12,PLAN_12,PLAN_12,1,1,1,1,ACCEPT,1,,0,0,0,1,ACCEPT,0,1,0,0,3,3,3,0,,stop,0,429
grok-4-1-fast-reasoning,game_plan_ncot,third_neutral,neutral,236,0,INCENTIVE_COMPATIBLE_EFFICIENT,neutral,PLAN_12,player_r_advocate,row,PLAN_12,PLAN_12,PLAN_21,PLAN_12,PLAN_12,0,1,0,1,ACCEPT,1,,0,0,0,1,ACCEPT,0,1,0,0,3,3,2,0,,stop,0,515
grok-4-1-fast-reasoning,game_plan_ncot,third_neutral,neutral,241,0,DILEMMA_BOTH_PREFER,value,PLAN_12,neutral_reader,none,PLAN_12,PLAN_12,PLAN_12,PLAN_12,PLAN_12,0,0,1,1,ACCEPT,1,,0,0,0,1,ACCEPT,0,1,0,0,,,,0,,stop,0,529
grok-4-1-fast-reasoning,game_plan_ncot,third_neutral,neutral,241,0,DILEMMA_BOTH_PREFER,value,PLAN_12,player_c_advocate,col,PLAN_12,PLAN_12,PLAN_11,PLAN_12,PLAN_12,0,0,0,1,ACCEPT,1,,0,0,0,1,ACCEPT,0,1,0,0,3,2,2,0,,stop,0,476
grok-4-1-fast-reasoning,game_plan_ncot,third_neutral,neutral,241,0,DILEMMA_BOTH_PREFER,value,PLAN_12,player_r_advocate,row,PLAN_12,PLAN_12,PLAN_12,PLAN_12,PLAN_12,0,0,1,1,ACCEPT,1,,0,0,0,1,ACCEPT,0,1,0,0,4,3,2,0,,stop,0,403
grok-4-1-fast-reasoning,game_plan_ncot,third_neutral,neutral,242,0,CYCLIC_NO_IDEAL,cannot_assist,NO_UNIQUE_PLAN,neutral_reader,none,PLAN_11,PLAN_11,PLAN_11,PLAN_11,PLAN_11,0,0,0,0,ACCEPT,1,,0,0,0,1,ACCEPT,0,1,0,0,,,,0,,stop,0,385
grok-4-1-fast-reasoning,game_plan_ncot,third_neutral,neutral,242,0,CYCLIC_NO_IDEAL,cannot_assist,NO_UNIQUE_PLAN,player_c_advocate,col,PLAN_11,PLAN_11,PLAN_12,PLAN_11,PLAN_11,0,0,0,0,ACCEPT,1,,0,0,0,1,ACCEPT,0,1,0,,3,,2,0,,stop,0,410
grok-4-1-fast-reasoning,game_plan_ncot,third_neutral,neutral,242,0,CYCLIC_NO_IDEAL,cannot_assist,NO_UNIQUE_PLAN,player_r_advocate,row,PLAN_11,PLAN_11,PLAN_11,PLAN_11,PLAN_11,0,0,0,0,ACCEPT,1,,0,0,0,1,ACCEPT,0,1,0,,4,,2,0,,stop,0,412
grok-4-1-fast-reasoning,game_plan_ncot,third_neutral,neutral,243,0,CYCLIC_NO_IDEAL,cannot_assist,NO_UNIQUE_PLAN,neutral_reader,none,NO_UNIQUE_PLAN,NO_UNIQUE_PLAN,NO_UNIQUE_PLAN,NO_UNIQUE_PLAN,NO_UNIQUE_PLAN,,,1,1,ACCEPT,1,,0,0,0,1,ACCEPT,0,1,0,0,,,,1,r1|r2,stop,0,530
grok-4-1-fast-reasoning,game_plan_ncot,third_neutral,neutral,243,0,CYCLIC_NO_IDEAL,cannot_assist,NO_UNIQUE_PLAN,player_c_advocate,col,NO_UNIQUE_PLAN,NO_UNIQUE_PLAN,PLAN_22,NO_UNIQUE_PLAN,NO_UNIQUE_PLAN,0,,0,1,ACCEPT,1,,0,0,0,1,ACCEPT,0,1,0,,,,2,1,r1|r2,stop,0,557
grok-4-1-fast-reasoning,game_plan_ncot,third_neutral,neutral,243,0,CYCLIC_NO_IDEAL,cannot_assist,NO_UNIQUE_PLAN,player_r_advocate,row,NO_UNIQUE_PLAN,NO_UNIQUE_PLAN,PLAN_21,NO_UNIQUE_PLAN,NO_UNIQUE_PLAN,0,,0,1,ACCEPT,1,,0,0,0,1,ACCEPT,0,1,0,,,,2,1,r1|r2,stop,0,616
grok-4-1-fast-reasoning,game_plan_ncot,third_neutral,neutral,244,0,CYCLIC_NO_IDEAL,cannot_assist,NO_UNIQUE_PLAN,neutral_reader,none,NO_UNIQUE_PLAN,NO_UNIQUE_PLAN,NO_UNIQUE_PLAN,NO_UNIQUE_PLAN,NO_UNIQUE_PLAN,,,1,1,ACCEPT,1,,0,0,0,1,ACCEPT,0,1,0,0,,,,0,,stop,0,490
grok-4-1-fast-reasoning,game_plan_ncot,third_neutral,neutral,244,0,CYCLIC_NO_IDEAL,cannot_assist,NO_UNIQUE_PLAN,player_c_advocate,col,NO_UNIQUE_PLAN,NO_UNIQUE_PLAN,PLAN_11,NO_UNIQUE_PLAN,NO_UNIQUE_PLAN,0,,0,1,ACCEPT,1,,0,0,0,1,ACCEPT,0,1,0,,,,2,0,,stop,0,479
grok-4-1-fast-reasoning,game_plan_ncot,third_neutral,neutral,244,0,CYCLIC_NO_IDEAL,cannot_assist,NO_UNIQUE_PLAN,player_r_advocate,row,NO_UNIQUE_PLAN,NO_UNIQUE_PLAN,PLAN_12,NO_UNIQUE_PLAN,NO_UNIQUE_PLAN,0,,0,1,ACCEPT,1,,0,0,0,1,ACCEPT,0,1,0,,,,2,0,,stop,0,542
grok-4-1-fast-reasoning,game_plan_ncot,third_neutral,neutral,245,0,INCENTIVE_COMPATIBLE_EFFICIENT,neutral,PLAN_22,neutral_reader,none,NO_UNIQUE_PLAN,NO_UNIQUE_PLAN,NO_UNIQUE_PLAN,NO_UNIQUE_PLAN,NO_UNIQUE_PLAN,,,0,0,ACCEPT,1,,0,0,0,1,ACCEPT,0,1,0,0,,,,1,r1,stop,0,395
grok-4-1-fast-reasoning,game_plan_ncot,third_neutral,neutral,245,0,INCENTIVE_COMPATIBLE_EFFICIENT,neutral,PLAN_22,player_c_advocate,col,NO_UNIQUE_PLAN,NO_UNIQUE_PLAN,PLAN_12,NO_UNIQUE_PLAN,NO_UNIQUE_PLAN,0,,0,0,ACCEPT,1,,0,0,0,1,ACCEPT,0,1,0,,,3,3,1,r1,stop,0,400
grok-4-1-fast-reasoning,game_plan_ncot,third_neutral,neutral,245,0,INCENTIVE_COMPATIBLE_EFFICIENT,neutral,PLAN_22,player_r_advocate,row,NO_UNIQUE_PLAN,NO_UNIQUE_PLAN,PLAN_11,NO_UNIQUE_PLAN,NO_UNIQUE_PLAN,0,,0,0,ACCEPT,1,,0,0,0,1,ACCEPT,0,1,0,,,3,2,1,r1|r2,stop,0,402
grok-4-1-fast-reasoning,game_plan_ncot,third_neutral,neutral,246,0,INCENTIVE_COMPATIBLE_EFFICIENT,neutral,PLAN_22,neutral_reader,none,PLAN_22,PLAN_22,PLAN_22,PLAN_22,PLAN_22,1,1,1,1,ACCEPT,1,,0,0,0,1,ACCEPT,0,1,0,0,,,,1,r2,stop,0,501
grok-4-1-fast-reasoning,game_plan_ncot,third_neutral,neutral,246,0,INCENTIVE_COMPATIBLE_EFFICIENT,neutral,PLAN_22,player_c_advocate,col,PLAN_22,PLAN_22,PLAN_22,PLAN_22,PLAN_22,1,1,1,1,ACCEPT,1,,0,0,0,1,ACCEPT,0,1,0,0,3,3,3,1,r2,stop,0,477
grok-4-1-fast-reasoning,game_plan_ncot,third_neutral,neutral,246,0,INCENTIVE_COMPATIBLE_EFFICIENT,neutral,PLAN_22,player_r_advocate,row,PLAN_22,PLAN_22,PLAN_11,PLAN_22,PLAN_22,0,1,0,1,ACCEPT,1,,0,0,0,1,ACCEPT,0,1,0,0,3,3,2,1,r2,stop,0,478
grok-4-1-fast-reasoning,game_plan_ncot,third_neutral,neutral,251,0,INCENTIVE_COMPATIBLE_EFFICIENT,neutral,PLAN_21,neutral_reader,none,PLAN_21,PLAN_21,PLAN_21,PLAN_21,PLAN_21,1,1,1,1,ACCEPT,1,,0,0,0,1,ACCEPT,0,1,0,0,,,,0,,stop,0,533
grok-4-1-fast-reasoning,game_plan_ncot,third_neutral,neutral,251,0,INCENTIVE_COMPATIBLE_EFFICIENT,neutral,PLAN_21,player_c_advocate,col,PLAN_21,PLAN_21,PLAN_21,PLAN_21,PLAN_21,1,1,1,1,ACCEPT,1,,0,0,0,1,ACCEPT,0,1,0,0,4,4,2,0,,stop,0,358
grok-4-1-fast-reasoning,game_plan_ncot,third_neutral,neutral,251,0,INCENTIVE_COMPATIBLE_EFFICIENT,neutral,PLAN_21,player_r_advocate,row,PLAN_21,PLAN_21,PLAN_22,PLAN_21,PLAN_21,0,1,0,1,ACCEPT,1,,0,0,0,1,ACCEPT,0,1,0,0,3,3,3,0,,stop,0,468
grok-4-1-fast-reasoning,game_plan_ncot,third_neutral,neutral,252,0,INCENTIVE_COMPATIBLE_EFFICIENT,neutral,PLAN_12,neutral_reader,none,PLAN_12,PLAN_12,NO_UNIQUE_PLAN,PLAN_12,PLAN_12,,1,0,1,ACCEPT,1,,0,0,0,1,ACCEPT,0,1,0,0,,,,1,r3_label|r4_vote,stop,0,641
grok-4-1-fast-reasoning,game_plan_ncot,third_neutral,neutral,252,0,INCENTIVE_COMPATIBLE_EFFICIENT,neutral,PLAN_12,player_c_advocate,col,PLAN_12,PLAN_12,PLAN_12,PLAN_12,PLAN_12,1,1,1,1,ACCEPT,1,,0,0,0,1,ACCEPT,0,1,0,0,4,4,2,1,r3_label|r4_vote,stop,0,413
grok-4-1-fast-reasoning,game_plan_ncot,third_neutral,neutral,252,0,INCENTIVE_COMPATIBLE_EFFICIENT,neutral,PLAN_12,player_r_advocate,row,PLAN_12,PLAN_12,PLAN_11,PLAN_12,PLAN_12,0,1,0,1,ACCEPT,1,,0,0,0,1,ACCEPT,0,1,0,0,3,3,3,1,r3_label|r4_vote,stop,0,432
grok-4-1-fast-reasoning,game_plan_ncot,third_neutral,neutral,253,0,INCENTIVE_COMPATIBLE_EFFICIENT,neutral,PLAN_11,neutral_reader,none,PLAN_11,PLAN_11,PLAN_11,PLAN_11,PLAN_11,1,1,1,1,ACCEPT,1,,0,0,0,1,ACCEPT,0,1,0,0,,,,0,,stop,0,576
grok-4-1-fast-reasoning,game_plan_ncot,third_neutral,neutral,253,0,INCENTIVE_COMPATIBLE_EFFICIENT,neutral,PLAN_11,player_c_advocate,col,PLAN_11,PLAN_11,PLAN_11,PLAN_11,PLAN_11,1,1,1,1,ACCEPT,1,,0,0,0,1,ACCEPT,0,1,0,0,4,4,2,0,,stop,0,388
grok-4-1-fast-reasoning,game_plan_ncot,third_neutral,neutral,253,0,INCENTIVE_COMPATIBLE_EFFICIENT,neutral,PLAN_11,player_r_advocate,row,PLAN_11,PLAN_11,PLAN_12,PLAN_11,PLAN_11,0,1,0,1,ACCEPT,1,,0,0,0,1,ACCEPT,0,1,0,0,3,3,3,0,,stop,0,458
grok-4-1-fast-reasoning,game_plan_ncot,third_neutral,neutral,254,0,INCENTIVE_COMPATIBLE_EFFICIENT,neutral,PLAN_22,neutral_reader,none,NO_UNIQUE_PLAN,PLAN_22,NO_UNIQUE_PLAN,NO_UNIQUE_PLAN,PLAN_22,,1,0,1,ACCEPT,1,,0,0,0,0,REJECT,1,1,0,0,,,,1,r4_vote,stop,0,604
grok-4-1-fast-reasoning,game_plan_ncot,third_neutral,neutral,254,0,INCENTIVE_COMPATIBLE_EFFICIENT,neutral,PLAN_22,player_c_advocate,col,NO_UNIQUE_PLAN,PLAN_22,PLAN_22,PLAN_22,PLAN_22,1,1,1,1,ACCEPT,1,,0,0,0,0,REJECT,1,1,0,,,4,2,1,r4_vote,stop,0,494
grok-4-1-fast-reasoning,game_plan_ncot,third_neutral,neutral,254,0,INCENTIVE_COMPATIBLE_EFFICIENT,neutral,PLAN_22,player_r_advocate,row,NO_UNIQUE_PLAN,PLAN_22,PLAN_21,NO_UNIQUE_PLAN,NO_UNIQUE_PLAN,0,,0,0,REJECT,1,unresolvable,211,1,0,1,ACCEPT,0,1,1,,,3,3,1,r4_vote,stop,0,479
grok-4-1-fast-reasoning,game_plan_ncot,third_neutral,neutral,255,0,INCENTIVE_COMPATIBLE_EFFICIENT,neutral,PLAN_22,neutral_reader,none,PLAN_22,PLAN_22,PLAN_22,PLAN_22,PLAN_22,1,1,1,1,ACCEPT,1,,0,0,0,1,ACCEPT,0,1,0,0,,,,1,r2,stop,0,512
grok-4-1-fast-reasoning,game_plan_ncot,third_neutral,neutral,255,0,INCENTIVE_COMPATIBLE_EFFICIENT,neutral,PLAN_22,player_c_advocate,col,PLAN_22,PLAN_22,PLAN_22,PLAN_22,PLAN_22,1,1,1,1,ACCEPT,1,,0,0,0,1,ACCEPT,0,1,0,0,4,4,3,1,r2,stop,0,422
grok-4-1-fast-reasoning,game_plan_ncot,third_neutral,neutral,255,0,INCENTIVE_COMPATIBLE_EFFICIENT,neutral,PLAN_22,player_r_advocate,row,PLAN_22,PLAN_22,NO_UNIQUE_PLAN,PLAN_22,PLAN_22,,1,0,1,ACCEPT,1,,0,0,0,1,ACCEPT,0,1,0,0,3,3,3,1,r2,stop,0,458
grok-4-1-fast-reasoning,game_plan_ncot,third_neutral,neutral,256,0,INCENTIVE_COMPATIBLE_EFFICIENT,neutral,PLAN_22,neutral_reader,none,PLAN_22,PLAN_22,PLAN_22,PLAN_22,PLAN_22,1,1,1,1,ACCEPT,1,,0,0,0,1,ACCEPT,0,1,0,0,,,,0,,stop,0,502
grok-4-1-fast-reasoning,game_plan_ncot,third_neutral,neutral,256,0,INCENTIVE_COMPATIBLE_EFFICIENT,neutral,PLAN_22,player_c_advocate,col,PLAN_22,PLAN_22,PLAN_22,PLAN_22,PLAN_22,1,1,1,1,ACCEPT,1,,0,0,0,1,ACCEPT,0,1,0,0,4,4,3,0,,stop,0,383
grok-4-1-fast-reasoning,game_plan_ncot,third_neutral,neutral,256,0,INCENTIVE_COMPATIBLE_EFFICIENT,neutral,PLAN_22,player_r_advocate,row,PLAN_22,PLAN_22,PLAN_21,PLAN_22,PLAN_22,0,1,0,1,ACCEPT,1,,0,0,0,1,ACCEPT,0,1,0,0,3,3,3,0,,stop,0,505
grok-4-1-fast-reasoning,game_plan_ncot,third_neutral,neutral,261,0,INCENTIVE_COMPATIBLE_EFFICIENT,neutral,PLAN_22,neutral_reader,none,PLAN_22,PLAN_22,PLAN_22,PLAN_22,PLAN_22,1,1,1,1,ACCEPT,1,,0,0,0,1,ACCEPT,0,1,0,0,,,,0,,stop,0,534
grok-4-1-fast-reasoning,game_plan_ncot,third_neutral,neutral,261,0,INCENTIVE_COMPATIBLE_EFFICIENT,neutral,PLAN_22,player_c_advocate,col,PLAN_22,PLAN_22,PLAN_22,PLAN_22,PLAN_22,1,1,1,1,ACCEPT,1,,0,0,0,1,ACCEPT,0,1,0,0,4,4,2,0,,stop,0,407
grok-4-1-fast-reasoning,game_plan_ncot,third_neutral,neutral,261,0,INCENTIVE_COMPATIBLE_EFFICIENT,neutral,PLAN_22,player_r_advocate,row,PLAN_22,PLAN_22,PLAN_21,PLAN_22,PLAN_22,0,1,0,1,ACCEPT,1,,0,0,0,1,ACCEPT,0,1,0,0,3,3,3,0,,stop,0,560
grok-4-1-fast-reasoning,game_plan_ncot,third_neutral,neutral,262,0,INCENTIVE_COMPATIBLE_EFFICIENT,neutral,PLAN_11,neutral_reader,none,PLAN_11,PLAN_11,PLAN_11,PLAN_11,PLAN_11,1,1,1,1,ACCEPT,1,,0,0,0,1,ACCEPT,0,1,0,0,,,,0,,stop,0,459
grok-4-1-fast-reasoning,game_plan_ncot,third_neutral,neutral,262,0,INCENTIVE_COMPATIBLE_EFFICIENT,neutral,PLAN_11,player_c_advocate,col,PLAN_11,PLAN_11,PLAN_11,PLAN_11,PLAN_11,1,1,1,1,ACCEPT,1,,0,0,0,1,ACCEPT,0,1,0,0,4,4,2,0,,stop,0,296
grok-4-1-fast-reasoning,game_plan_ncot,third_neutral,neutral,262,0,INCENTIVE_COMPATIBLE_EFFICIENT,neutral,PLAN_11,player_r_advocate,row,PLAN_11,PLAN_11,PLAN_12,PLAN_11,PLAN_11,0,1,0,1,ACCEPT,1,,0,0,0,1,ACCEPT,0,1,0,0,3,3,3,0,,stop,0,544
grok-4-1-fast-reasoning,game_plan_ncot,third_neutral,neutral,263,0,INCENTIVE_COMPATIBLE_EFFICIENT,neutral,PLAN_11,neutral_reader,none,PLAN_11,PLAN_11,PLAN_11,PLAN_11,PLAN_11,1,1,1,1,ACCEPT,1,,0,0,0,1,ACCEPT,0,1,0,0,,,,1,r1|r2,stop,0,592
grok-4-1-fast-reasoning,game_plan_ncot,third_neutral,neutral,263,0,INCENTIVE_COMPATIBLE_EFFICIENT,neutral,PLAN_11,player_c_advocate,col,PLAN_11,PLAN_11,PLAN_11,PLAN_11,PLAN_11,1,1,1,1,ACCEPT,1,,0,0,0,1,ACCEPT,0,1,0,0,4,4,2,1,r1|r2,stop,0,455
grok-4-1-fast-reasoning,game_plan_ncot,third_neutral,neutral,263,0,INCENTIVE_COMPATIBLE_EFFICIENT,neutral,PLAN_11,player_r_advocate,row,PLAN_11,PLAN_11,PLAN_12,PLAN_11,PLAN_11,0,1,0,1,ACCEPT,1,,0,0,0,1,ACCEPT,0,1,0,0,3,3,3,1,r1|r2|r3_label,stop,0,515
grok-4-1-fast-reasoning,game_plan_ncot,third_neutral,neutral,264,0,INCENTIVE_COMPATIBLE_EFFICIENT,neutral,PLAN_11,neutral_reader,none,PLAN_11,PLAN_11,PLAN_11,PLAN_11,PLAN_11,1,1,1,1,ACCEPT,1,,0,0,0,1,ACCEPT,0,1,0,0,,,,0,,stop,0,410
grok-4-1-fast-reasoning,game_plan_ncot,third_neutral,neutral,264,0,INCENTIVE_COMPATIBLE_EFFICIENT,neutral,PLAN_11,player_c_advocate,col,PLAN_11,PLAN_11,PLAN_11,PLAN_11,PLAN_11,1,1,1,1,ACCEPT,1,,0,0,0,1,ACCEPT,0,1,0,0,4,4,2,0,,stop,0,390
grok-4-1-fast-reasoning,game_plan_ncot,third_neutral,neutral,264,0,INCENTIVE_COMPATIBLE_EFFICIENT,neutral,PLAN_11,player_r_advocate,row,PLAN_11,PLAN_11,PLAN_12,PLAN_11,PLAN_11,0,1,0,1,ACCEPT,1,,0,0,0,1,ACCEPT,0,1,0,0,3,3,3,0,,stop,0,439
grok-4-1-fast-reasoning,game_plan_ncot,third_neutral,neutral,265,0,INCENTIVE_COMPATIBLE_EFFICIENT,neutral,PLAN_22,neutral_reader,none,PLAN_22,PLAN_22,PLAN_22,PLAN_22,PLAN_22,1,1,1,1,ACCEPT,1,,0,0,0,1,ACCEPT,0,1,0,0,,,,1,r1|r2,stop,0,506
grok-4-1-fast-reasoning,game_plan_ncot,third_neutral,neutral,265,0,INCENTIVE_COMPATIBLE_EFFICIENT,neutral,PLAN_22,player_c_advocate,col,PLAN_22,PLAN_22,PLAN_22,PLAN_22,PLAN_22,1,1,1,1,ACCEPT,1,,0,0,0,1,ACCEPT,0,1,0,0,4,4,3,1,r1|r2,stop,0,433
grok-4-1-fast-reasoning,game_plan_ncot,third_neutral,neutral,265,0,INCENTIVE_COMPATIBLE_EFFICIENT,neutral,PLAN_22,player_r_advocate,row,PLAN_22,PLAN_22,PLAN_21,PLAN_22,PLAN_22,0,1,0,1,ACCEPT,1,,0,0,0,1,ACCEPT,0,1,0,0,3,3,3,1,r1|r2,stop,0,461
grok-4-1-fast-reasoning,game_plan_ncot,third_neutral,neutral,266,0,INCENTIVE_COMPATIBLE_EFFICIENT,neutral,PLAN_12,neutral_reader,none,PLAN_12,PLAN_12,PLAN_12,PLAN_12,PLAN_12,1,1,1,1,ACCEPT,1,,0,0,0,1,ACCEPT,0,1,0,0,,,,1,r2,stop,0,484
grok-4-1-fast-reasoning,game_plan_ncot,third_neutral,neutral,266,0,INCENTIVE_COMPATIBLE_EFFICIENT,neutral,PLAN_12,player_c_advocate,col,PLAN_12,PLAN_12,PLAN_12,PLAN_12,PLAN_12,1,1,1,1,ACCEPT,1,,0,0,0,1,ACCEPT,0,1,0,0,4,4,3,1,r2,stop,0,417
grok-4-1-fast-reasoning,game_plan_ncot,third_neutral,neutral,266,0,INCENTIVE_COMPATIBLE_EFFICIENT,neutral,PLAN_12,player_r_advocate,row,PLAN_12,PLAN_12,PLAN_11,PLAN_12,PLAN_12,0,1,0,1,ACCEPT,1,,0,0,0,1,ACCEPT,0,1,0,0,3,3,3,1,r2,stop,0,401
grok-4-1-fast-reasoning,game_plan_ncot,third_neutral,neutral,311,0,HARMONY,neutral,PLAN_22,neutral_reader,none,PLAN_22,PLAN_22,PLAN_22,PLAN_22,PLAN_22,1,1,1,1,ACCEPT_WITH_MODIFICATION,1,modification,171,1,0,1,ACCEPT,0,1,1,0,,,,0,,stop,0,449
grok-4-1-fast-reasoning,game_plan_ncot,third_neutral,neutral,311,0,HARMONY,neutral,PLAN_22,player_c_advocate,col,PLAN_22,PLAN_22,PLAN_22,PLAN_22,PLAN_22,1,1,1,1,ACCEPT,1,,0,0,0,1,ACCEPT,0,1,0,0,4,4,2,0,,stop,0,499
grok-4-1-fast-reasoning,game_plan_ncot,third_neutral,neutral,311,0,HARMONY,neutral,PLAN_22,player_r_advocate,row,PLAN_22,PLAN_22,PLAN_22,PLAN_22,PLAN_22,1,1,1,1,ACCEPT,1,,0,0,0,1,ACCEPT,0,1,0,0,4,4,2,0,,stop,0,411
grok-4-1-fast-reasoning,game_plan_ncot,third_neutral,neutral,312,0,HARMONY,neutral,PLAN_12,neutral_reader,none,PLAN_12,PLAN_12,PLAN_12,PLAN_12,PLAN_12,1,1,1,1,ACCEPT,1,,0,0,0,1,ACCEPT,0,1,0,0,,,,1,r1,stop,0,361
grok-4-1-fast-reasoning,game_plan_ncot,third_neutral,neutral,312,0,HARMONY,neutral,PLAN_12,player_c_advocate,col,PLAN_12,PLAN_12,PLAN_12,PLAN_12,PLAN_12,1,1,1,1,ACCEPT,1,,0,0,0,1,ACCEPT,0,1,0,0,4,4,2,1,r1,stop,0,309
grok-4-1-fast-reasoning,game_plan_ncot,third_neutral,neutral,312,0,HARMONY,neutral,PLAN_12,player_r_advocate,row,PLAN_12,PLAN_12,PLAN_12,PLAN_12,PLAN_12,1,1,1,1,ACCEPT,1,,0,0,0,1,ACCEPT,0,1,0,0,4,4,2,1,r1|r2,stop,0,396
grok-4-1-fast-reasoning,game_plan_ncot,third_neutral,neutral,313,0,HARMONY,neutral,PLAN_22,neutral_reader,none,PLAN_22,PLAN_22,PLAN_22,PLAN_22,PLAN_22,1,1,1,1,ACCEPT,1,,0,0,0,1,ACCEPT,0,1,0,0,,,,0,,stop,0,488
grok-4-1-fast-reasoning,game_plan_ncot,third_neutral,neutral,313,0,HARMONY,neutral,PLAN_22,player_c_advocate,col,PLAN_22,PLAN_22,PLAN_22,PLAN_22,PLAN_22,1,1,1,1,ACCEPT,1,,0,0,0,1,ACCEPT,0,1,0,0,4,4,2,0,,stop,0,415
grok-4-1-fast-reasoning,game_plan_ncot,third_neutral,neutral,313,0,HARMONY,neutral,PLAN_22,player_r_advocate,row,PLAN_22,PLAN_22,PLAN_22,PLAN_22,PLAN_22,1,1,1,1,ACCEPT,1,,0,0,0,1,ACCEPT,0,1,0,0,4,4,2,0,,stop,0,314
grok-4-1-fast-reasoning,game_plan_ncot,third_neutral,neutral,314,0,HARMONY,neutral,PLAN_12,neutral_reader,none,PLAN_12,PLAN_12,PLAN_12,PLAN_12,PLAN_12,1,1,1,1,ACCEPT,1,,0,0,0,1,ACCEPT,0,1,0,0,,,,0,,stop,0,458
grok-4-1-fast-reasoning,game_plan_ncot,third_neutral,neutral,314,0,HARMONY,neutral,PLAN_12,player_c_advocate,col,PLAN_12,PLAN_12,PLAN_12,PLAN_12,PLAN_12,1,1,1,1,ACCEPT,1,,0,0,0,1,ACCEPT,0,1,0,0,4,4,2,0,,stop,0,376
grok-4-1-fast-reasoning,game_plan_ncot,third_neutral,neutral,314,0,HARMONY,neutral,PLAN_12,player_r_advocate,row,PLAN_12,PLAN_12,PLAN_12,PLAN_12,PLAN_12,1,1,1,1,ACCEPT,1,,0,0,0,1,ACCEPT,0,1,0,0,4,4,2,0,,stop,0,347
grok-4-1-fast-reasoning,game_plan_ncot,third_neutral,neutral,315,0,HARMONY,neutral,PLAN_12,neutral_reader,none,PLAN_12,PLAN_12,PLAN_12,PLAN_12,PLAN_12,1,1,1,1,ACCEPT,1,,0,0,0,1,ACCEPT,0,1,0,0,,,,0,,stop,0,458
grok-4-1-fast-reasoning,game_plan_ncot,third_neutral,neutral,315,0,HARMONY,neutral,PLAN_12,player_c_advocate,col,PLAN_12,PLAN_12,PLAN_12,PLAN_12,PLAN_12,1,1,1,1,ACCEPT,1,,0,0,0,1,ACCEPT,0,1,0,0,4,4,3,0,,stop,0,467
grok-4-1-fast-reasoning,game_plan_ncot,third_neutral,neutral,315,0,HARMONY,neutral,PLAN_12,player_r_advocate,row,PLAN_12,PLAN_12,PLAN_12,PLAN_12,PLAN_12,1,1,1,1,ACCEPT,1,,0,0,0,1,ACCEPT,0,1,0,0,4,4,2,0,,stop,0,367
grok-4-1-fast-reasoning,game_plan_ncot,third_neutral,neutral,316,0,HARMONY,neutral,PLAN_22,neutral_reader,none,PLAN_22,PLAN_22,PLAN_22,PLAN_22,PLAN_22,1,1,1,1,ACCEPT,1,,0,0,0,1,ACCEPT,0,1,0,0,,,,0,,stop,0,508
grok-4-1-fast-reasoning,game_plan_ncot,third_neutral,neutral,316,0,HARMONY,neutral,PLAN_22,player_c_advocate,col,PLAN_22,PLAN_22,PLAN_22,PLAN_22,PLAN_22,1,1,1,1,ACCEPT,1,,0,0,0,1,ACCEPT,0,1,0,0,4,4,3,0,,stop,0,358
grok-4-1-fast-reasoning,game_plan_ncot,third_neutral,neutral,316,0,HARMONY,neutral,PLAN_22,player_r_advocate,row,PLAN_22,PLAN_22,PLAN_22,PLAN_22,PLAN_22,1,1,1,1,ACCEPT,1,,0,0,0,1,ACCEPT,0,1,0,0,4,4,2,0,,stop,0,412
grok-4-1-fast-reasoning,game_plan_ncot,third_neutral,neutral,321,0,HARMONY,neutral,PLAN_11,neutral_reader,none,PLAN_11,PLAN_11,PLAN_11,PLAN_11,PLAN_11,1,1,1,1,ACCEPT,1,,0,0,0,1,ACCEPT,0,1,0,0,,,,0,,stop,0,436
grok-4-1-fast-reasoning,game_plan_ncot,third_neutral,neutral,321,0,HARMONY,neutral,PLAN_11,player_c_advocate,col,PLAN_11,PLAN_11,PLAN_11,PLAN_11,PLAN_11,1,1,1,1,ACCEPT,1,,0,0,0,1,ACCEPT,0,1,0,0,4,4,2,0,,stop,0,418
grok-4-1-fast-reasoning,game_plan_ncot,third_neutral,neutral,321,0,HARMONY,neutral,PLAN_11,player_r_advocate,row,PLAN_11,PLAN_11,PLAN_11,PLAN_11,PLAN_11,1,1,1,1,ACCEPT,1,,0,0,0,1,ACCEPT,0,1,0,0,4,4,2,0,,stop,0,407
grok-4-1-fast-reasoning,game_plan_ncot,third_neutral,neutral,322,0,ASSURANCE,value,PLAN_21,neutral_reader,none,PLAN_21,PLAN_21,PLAN_21,PLAN_21,PLAN_21,1,1,1,1,ACCEPT,1,,0,0,0,1,ACCEPT,0,1,0,0,,,,0,,stop,0,516
grok-4-1-fast-reasoning,game_plan_ncot,third_neutral,neutral,322,0,ASSURANCE,value,PLAN_21,player_c_advocate,col,PLAN_21,PLAN_21,PLAN_21,PLAN_21,PLAN_21,1,1,1,1,ACCEPT,1,,0,0,0,1,ACCEPT,0,1,0,0,4,4,2,0,,stop,0,362
grok-4-1-fast-reasoning,game_plan_ncot,third_neutral,neutral,322,0,ASSURANCE,value,PLAN_21,player_r_advocate,row,PLAN_21,PLAN_21,PLAN_21,PLAN_21,PLAN_21,1,1,1,1,ACCEPT,1,,0,0,0,1,ACCEPT,0,1,0,0,4,4,2,0,,stop,0,396
grok-4-1-fast-reasoning,game_plan_ncot,third_neutral,neutral,323,0,ASSURANCE,value,PLAN_12,neutral_reader,none,PLAN_12,PLAN_12,PLAN_12,PLAN_12,PLAN_12,1,1,1,1,ACCEPT,1,,0,0,0,1,ACCEPT,0,1,0,0,,,,0,,stop,0,466
grok-4-1-fast-reasoning,game_plan_ncot,third_neutral,neutral,323,0,ASSURANCE,value,PLAN_12,player_c_advocate,col,PLAN_12,PLAN_12,PLAN_12,PLAN_12,PLAN_12,1,1,1,1,ACCEPT,1,,0,0,0,1,ACCEPT,0,1,0,0,4,4,2,0,,stop,0,416
grok-4-1-fast-reasoning,game_plan_ncot,third_neutral,neutral,323,0,ASSURANCE,value,PLAN_12,player_r_advocate,row,PLAN_12,PLAN_12,PLAN_12,PLAN_12,PLAN_12,1,1,1,1,ACCEPT,1,,0,0,0,1,ACCEPT,0,1,0,0,4,4,2,0,,stop,0,422
grok-4-1-fast-reasoning,game_plan_ncot,third_neutral,neutral,324,0,ASSURANCE,value,PLAN_12,neutral_reader,none,PLAN_12,PLAN_12,PLAN_12,PLAN_12,PLAN_12,1,1,1,1,ACCEPT,1,,0,0,0,1,ACCEPT,0,1,0,0,,,,0,,stop,0,466
grok-4-1-fast-reasoning,game_plan_ncot,third_neutral,neutral,324,0,ASSURANCE,value,PLAN_12,player_c_advocate,col,PLAN_12,PLAN_12,PLAN_12,PLAN_12,PLAN_12,1,1,1,1,ACCEPT,1,,0,0,0,1,ACCEPT,0,1,0,0,4,4,2,0,,stop,0,361
grok-4-1-fast-reasoning,game_plan_ncot,third_neutral,neutral,324,0,ASSURANCE,value,PLAN_12,player_r_advocate,row,PLAN_12,PLAN_12,PLAN_12,PLAN_12,PLAN_12,1,1,1,1,ACCEPT,1,,0,0,0,1,ACCEPT,0,1,0,0,4,4,2,0,,stop,0,301
grok-4-1-fast-reasoning,game_plan_ncot,third_neutral,neutral,325,0,HARMONY,neutral,PLAN_11,neutral_reader,none,PLAN_11,PLAN_11,PLAN_11,PLAN_11,PLAN_11,1,1,1,1,ACCEPT,1,,0,0,0,1,ACCEPT,0,1,0,0,,,,1,r2|r3_label|r4_vote,stop,0,424
grok-4-1-fast-reasoning,game_plan_ncot,third_neutral,neutral,325,0,HARMONY,neutral,PLAN_11,player_c_advocate,col,PLAN_11,PLAN_11,PLAN_11,PLAN_11,PLAN_11,1,1,1,1,ACCEPT,1,,0,0,0,1,ACCEPT,0,1,0,0,4,4,3,1,r2|r3_label|r4_vote,stop,0,412
grok-4-1-fast-reasoning,game_plan_ncot,third_neutral,neutral,325,0,HARMONY,neutral,PLAN_11,player_r_advocate,row,PLAN_11,PLAN_11,PLAN_11,PLAN_11,PLAN_11,1,1,1,1,ACCEPT,1,,0,0,0,1,ACCEPT,0,1,0,0,4,4,2,1,r2|r3_label|r4_vote,stop,0,401
grok-4-1-fast-reasoning,game_plan_ncot,third_neutral,neutral,326,0,HARMONY,neutral,PLAN_22,neutral_reader,none,PLAN_22,PLAN_22,PLAN_22,PLAN_22,PLAN_22,1,1,1,1,ACCEPT,1,,0,0,0,1,ACCEPT,0,1,0,0,,,,0,,stop,0,440
grok-4-1-fast-reasoning,game_plan_ncot,third_neutral,neutral,326,0,HARMONY,neutral,PLAN_22,player_c_advocate,col,PLAN_22,PLAN_22,PLAN_22,PLAN_22,PLAN_22,1,1,1,1,ACCEPT,1,,0,0,0,1,ACCEPT,0,1,0,0,4,4,3,0,,stop,0,459
grok-4-1-fast-reasoning,game_plan_ncot,third_neutral,neutral,326,0,HARMONY,neutral,PLAN_22,player_r_advocate,row,PLAN_22,PLAN_22,PLAN_22,PLAN_22,PLAN_22,1,1,1,1,ACCEPT,1,,0,0,0,1,ACCEPT,0,1,0,0,4,4,2,0,,stop,0,345
grok-4-1-fast-reasoning,game_plan_ncot,third_neutral,neutral,331,0,HARMONY,neutral,PLAN_21,neutral_reader,none,PLAN_21,PLAN_21,PLAN_21,PLAN_21,PLAN_21,1,1,1,1,ACCEPT,1,,0,0,0,1,ACCEPT,0,1,0,0,,,,0,,stop,0,439
grok-4-1-fast-reasoning,game_plan_ncot,third_neutral,neutral,331,0,HARMONY,neutral,PLAN_21,player_c_advocate,col,PLAN_21,PLAN_21,PLAN_21,PLAN_21,PLAN_21,1,1,1,1,ACCEPT,1,,0,0,0,1,ACCEPT,0,1,0,0,4,4,2,0,,stop,0,321
grok-4-1-fast-reasoning,game_plan_ncot,third_neutral,neutral,331,0,HARMONY,neutral,PLAN_21,player_r_advocate,row,PLAN_21,PLAN_21,PLAN_21,PLAN_21,PLAN_21,1,1,1,1,ACCEPT,1,,0,0,0,1,ACCEPT,0,1,0,0,4,4,2,0,,stop,0,382
grok-4-1-fast-reasoning,game_plan_ncot,third_neutral,neutral,332,0,ASSURANCE,value,PLAN_11,neutral_reader,none,PLAN_11,PLAN_11,PLAN_11,PLAN_11,PLAN_11,1,1,1,1,ACCEPT,1,,0,0,0,1,ACCEPT,0,1,0,0,,,,0,,stop,0,448
grok-4-1-fast-reasoning,game_plan_ncot,third_neutral,neutral,332,0,ASSURANCE,value,PLAN_11,player_c_advocate,col,PLAN_11,PLAN_11,PLAN_11,PLAN_11,PLAN_11,1,1,1,1,ACCEPT,1,,0,0,0,1,ACCEPT,0,1,0,0,4,4,2,0,,stop,0,470
grok-4-1-fast-reasoning,game_plan_ncot,third_neutral,neutral,332,0,ASSURANCE,value,PLAN_11,player_r_advocate,row,PLAN_11,PLAN_11,PLAN_11,PLAN_11,PLAN_11,1,1,1,1,ACCEPT,1,,0,0,0,1,ACCEPT,0,1,0,0,4,4,2,0,,stop,0,438
grok-4-1-fast-reasoning,game_plan_ncot,third_neutral,neutral,333,0,ASSURANCE,value,PLAN_21,neutral_reader,none,PLAN_21,PLAN_21,PLAN_21,PLAN_21,PLAN_21,1,1,1,1,ACCEPT,1,,0,0,0,1,ACCEPT,0,1,0,0,,,,0,,stop,0,481
grok-4-1-fast-reasoning,game_plan_ncot,third_neutral,neutral,333,0,ASSURANCE,value,PLAN_21,player_c_advocate,col,PLAN_21,PLAN_21,PLAN_21,PLAN_21,PLAN_21,1,1,1,1,ACCEPT,1,,0,0,0,1,ACCEPT,0,1,0,0,4,4,2,0,,stop,0,308
grok-4-1-fast-reasoning,game_plan_ncot,third_neutral,neutral,333,0,ASSURANCE,value,PLAN_21,player_r_advocate,row,PLAN_21,PLAN_21,PLAN_21,PLAN_21,PLAN_21,1,1,1,1,ACCEPT,1,,0,0,0,1,ACCEPT,0,1,0,0,4,4,2,0,,stop,0,467
grok-4-1-fast-reasoning,game_plan_ncot,third_neutral,neutral,334,0,ASSURANCE,value,PLAN_12,neutral_reader,none,PLAN_12,PLAN_12,PLAN_12,PLAN_12,PLAN_12,1,1,1,1,ACCEPT,1,,0,0,0,1,ACCEPT,0,1,0,0,,,,0,,stop,0,412
grok-4-1-fast-reasoning,game_plan_ncot,third_neutral,neutral,334,0,ASSURANCE,value,PLAN_12,player_c_advocate,col,PLAN_12,PLAN_12,PLAN_12,PLAN_12,PLAN_12,1,1,1,1,ACCEPT,1,,0,0,0,1,ACCEPT,0,1,0,0,4,4,2,0,,stop,0,435
grok-4-1-fast-reasoning,game_plan_ncot,third_neutral,neutral,334,0,ASSURANCE,value,PLAN_12,player_r_advocate,row,PLAN_12,PLAN_12,PLAN_12,PLAN_12,PLAN_12,1,1,1,1,ACCEPT,1,,0,0,0,1,ACCEPT,0,1,0,0,4,4,2,0,,stop,0,410
grok-4-1-fast-reasoning,game_plan_ncot,third_neutral,neutral,335,0,HARMONY,neutral,PLAN_22,neutral_reader,none,PLAN_22,PLAN_22,PLAN_22,PLAN_22,PLAN_22,1,1,1,1,ACCEPT,1,,0,0,0,1,ACCEPT,0,1,0,0,,,,0,,stop,0,391
grok-4-1-fast-reasoning,game_plan_ncot,third_neutral,neutral,335,0,HARMONY,neutral,PLAN_22,player_c_advocate,col,PLAN_22,PLAN_22,PLAN_22,PLAN_22,PLAN_22,1,1,1,1,ACCEPT,1,,0,0,0,1,ACCEPT,0,1,0,0,4,4,3,0,,stop,0,417
grok-4-1-fast-reasoning,game_plan_ncot,third_neutral,neutral,335,0,HARMONY,neutral,PLAN_22,player_r_advocate,row,PLAN_22,PLAN_22,PLAN_22,PLAN_22,PLAN_22,1,1,1,1,ACCEPT,1,,0,0,0,1,ACCEPT,0,1,0,0,4,4,2,0,,stop,0,385
grok-4-1-fast-reasoning,game_plan_ncot,third_neutral,neutral,336,0,HARMONY,neutral,PLAN_12,neutral_reader,none,PLAN_12,PLAN_12,PLAN_12,PLAN_12,PLAN_12,1,1,1,1,ACCEPT,1,,0,0,0,1,ACCEPT,0,1,0,0,,,,0,,stop,0,398
grok-4-1-fast-reasoning,game_plan_ncot,third_neutral,neutral,336,0,HARMONY,neutral,PLAN_12,player_c_advocate,col,PLAN_12,PLAN_12,PLAN_12,PLAN_12,PLAN_12,1,1,1,1,ACCEPT,1,,0,0,0,1,ACCEPT,0,1,0,0,4,4,3,0,,stop,0,382
grok-4-1-fast-reasoning,game_plan_ncot,third_neutral,neutral,336,0,HARMONY,neutral,PLAN_12,player_r_advocate,row,PLAN_12,PLAN_12,PLAN_12,PLAN_12,PLAN_12,1,1,1,1,ACCEPT,1,,0,0,0,1,ACCEPT,0,1,0,0,4,4,2,0,,stop,0,462
grok-4-1-fast-reasoning,game_plan_ncot,third_neutral,neutral,341,0,HARMONY,neutral,PLAN_21,neutral_reader,none,PLAN_21,PLAN_21,PLAN_21,PLAN_21,PLAN_21,1,1,1,1,ACCEPT,1,,0,0,0,1,ACCEPT,0,1,0,0,,,,0,,stop,0,413
grok-4-1-fast-reasoning,game_plan_ncot,third_neutral,neutral,341,0,HARMONY,neutral,PLAN_21,player_c_advocate,col,PLAN_21,PLAN_21,PLAN_21,PLAN_21,PLAN_21,1,1,1,1,ACCEPT,1,,0,0,0,1,ACCEPT,0,1,0,0,4,4,2,0,,stop,0,383
grok-4-1-fast-reasoning,game_plan_ncot,third_neutral,neutral,341,0,HARMONY,neutral,PLAN_21,player_r_advocate,row,PLAN_21,PLAN_21,PLAN_21,PLAN_21,PLAN_21,1,1,1,1,ACCEPT,1,,0,0,0,1,ACCEPT,0,1,0,0,4,4,2,0,,stop,0,348
grok-4-1-fast-reasoning,game_plan_ncot,third_neutral,neutral,342,0,ASSURANCE,value,PLAN_22,neutral_reader,none,PLAN_22,PLAN_22,PLAN_22,PLAN_22,PLAN_22,1,1,1,1,ACCEPT,1,,0,0,0,1,ACCEPT,0,1,0,0,,,,0,,stop,0,428
grok-4-1-fast-reasoning,game_plan_ncot,third_neutral,neutral,342,0,ASSURANCE,value,PLAN_22,player_c_advocate,col,PLAN_22,PLAN_22,PLAN_22,PLAN_22,PLAN_22,1,1,1,1,ACCEPT,1,,0,0,0,1,ACCEPT,0,1,0,0,4,4,2,0,,stop,0,449
grok-4-1-fast-reasoning,game_plan_ncot,third_neutral,neutral,342,0,ASSURANCE,value,PLAN_22,player_r_advocate,row,PLAN_22,PLAN_22,PLAN_22,PLAN_22,PLAN_22,1,1,1,1,ACCEPT,1,,0,0,0,1,ACCEPT,0,1,0,0,4,4,2,0,,stop,0,294
grok-4-1-fast-reasoning,game_plan_ncot,third_neutral,neutral,343,0,ASSURANCE,value,PLAN_22,neutral_reader,none,PLAN_22,PLAN_22,PLAN_22,PLAN_22,PLAN_22,1,1,1,1,ACCEPT,1,,0,0,0,1,ACCEPT,0,1,0,0,,,,1,r2,stop,0,446
grok-4-1-fast-reasoning,game_plan_ncot,third_neutral,neutral,343,0,ASSURANCE,value,PLAN_22,player_c_advocate,col,PLAN_22,PLAN_22,PLAN_22,PLAN_22,PLAN_22,1,1,1,1,ACCEPT,1,,0,0,0,1,ACCEPT,0,1,0,0,4,4,2,1,r2|r3_label,stop,0,398
grok-4-1-fast-reasoning,game_plan_ncot,third_neutral,neutral,343,0,ASSURANCE,value,PLAN_22,player_r_advocate,row,PLAN_22,PLAN_22,PLAN_22,PLAN_22,PLAN_22,1,1,1,1,ACCEPT,1,,0,0,0,1,ACCEPT,0,1,0,0,4,4,2,1,r2,stop,0,383
grok-4-1-fast-reasoning,game_plan_ncot,third_neutral,neutral,344,0,ASSURANCE,value,PLAN_22,neutral_reader,none,PLAN_22,PLAN_22,PLAN_22,PLAN_22,PLAN_22,1,1,1,1,ACCEPT,1,,0,0,0,1,ACCEPT,0,1,0,0,,,,0,,stop,0,486
grok-4-1-fast-reasoning,game_plan_ncot,third_neutral,neutral,344,0,ASSURANCE,value,PLAN_22,player_c_advocate,col,PLAN_22,PLAN_22,PLAN_22,PLAN_22,PLAN_22,1,1,1,1,ACCEPT,1,,0,0,0,1,ACCEPT,0,1,0,0,4,4,2,0,,stop,0,446
grok-4-1-fast-reasoning,game_plan_ncot,third_neutral,neutral,344,0,ASSURANCE,value,PLAN_22,player_r_advocate,row,PLAN_22,PLAN_22,PLAN_22,PLAN_22,PLAN_22,1,1,1,1,ACCEPT,1,,0,0,0,1,ACCEPT,0,1,0,0,4,4,2,0,,stop,0,396
grok-4-1-fast-reasoning,game_plan_ncot,third_neutral,neutral,345,0,HARMONY,neutral,PLAN_12,neutral_reader,none,PLAN_12,PLAN_12,PLAN_12,PLAN_12,PLAN_12,1,1,1,1,ACCEPT,1,,0,0,0,1,ACCEPT,0,1,0,0,,,,0,,stop,0,415
grok-4-1-fast-reasoning,game_plan_ncot,third_neutral,neutral,345,0,HARMONY,neutral,PLAN_12,player_c_advocate,col,PLAN_12,PLAN_12,PLAN_12,PLAN_12,PLAN_12,1,1,1,1,ACCEPT,1,,0,0,0,1,ACCEPT,0,1,0,0,4,4,3,0,,stop,0,294
grok-4-1-fast-reasoning,game_plan_ncot,third_neutral,neutral,345,0,HARMONY,neutral,PLAN_12,player_r_advocate,row,PLAN_12,PLAN_12,PLAN_12,PLAN_12,PLAN_12,1,1,1,1,ACCEPT,1,,0,0,0,1,ACCEPT,0,1,0,0,4,4,2,0,,stop,0,397
grok-4-1-fast-reasoning,game_plan_ncot,third_neutral,neutral,346,0,HARMONY,neutral,PLAN_21,neutral_reader,none,PLAN_21,PLAN_21,PLAN_21,PLAN_21,PLAN_21,1,1,1,1,ACCEPT,1,,0,0,0,1,ACCEPT,0,1,0,0,,,,0,,stop,0,589
grok-4-1-fast-reasoning,game_plan_ncot,third_neutral,neutral,346,0,HARMONY,neutral,PLAN_21,player_c_advocate,col,PLAN_21,PLAN_21,PLAN_21,PLAN_21,PLAN_21,1,1,1,1,ACCEPT,1,,0,0,0,1,ACCEPT,0,1,0,0,4,4,3,0,,stop,0,464
grok-4-1-fast-reasoning,game_plan_ncot,third_neutral,neutral,346,0,HARMONY,neutral,PLAN_21,player_r_advocate,row,PLAN_21,PLAN_21,PLAN_21,PLAN_21,PLAN_21,1,1,1,1,ACCEPT,1,,0,0,0,1,ACCEPT,0,1,0,0,4,4,2,0,,stop,0,440
grok-4-1-fast-reasoning,game_plan_ncot,third_neutral,neutral,351,0,HARMONY,neutral,PLAN_21,neutral_reader,none,PLAN_21,PLAN_21,PLAN_21,PLAN_21,PLAN_21,1,1,1,1,ACCEPT,1,,0,0,0,1,ACCEPT,0,1,0,0,,,,0,,stop,0,449
grok-4-1-fast-reasoning,game_plan_ncot,third_neutral,neutral,351,0,HARMONY,neutral,PLAN_21,player_c_advocate,col,PLAN_21,PLAN_21,PLAN_21,PLAN_21,PLAN_21,1,1,1,1,ACCEPT,1,,0,0,0,1,ACCEPT,0,1,0,0,4,4,2,0,,stop,0,376
grok-4-1-fast-reasoning,game_plan_ncot,third_neutral,neutral,351,0,HARMONY,neutral,PLAN_21,player_r_advocate,row,PLAN_21,PLAN_21,PLAN_21,PLAN_21,PLAN_21,1,1,1,1,ACCEPT,1,,0,0,0,1,ACCEPT,0,1,0,0,4,4,3,0,,stop,0,406
grok-4-1-fast-reasoning,game_plan_ncot,third_neutral,neutral,352,0,HARMONY,neutral,PLAN_22,neutral_reader,none,PLAN_22,PLAN_22,PLAN_22,PLAN_22,PLAN_22,1,1,1,1,ACCEPT,1,,0,0,0,1,ACCEPT,0,1,0,0,,,,1,r2,stop,0,428
grok-4-1-fast-reasoning,game_plan_ncot,third_neutral,neutral,352,0,HARMONY,neutral,PLAN_22,player_c_advocate,col,PLAN_22,PLAN_22,PLAN_22,PLAN_22,PLAN_22,1,1,1,1,ACCEPT,1,,0,0,0,1,ACCEPT,0,1,0,0,4,4,2,1,r2,stop,0,287
grok-4-1-fast-reasoning,game_plan_ncot,third_neutral,neutral,352,0,HARMONY,neutral,PLAN_22,player_r_advocate,row,PLAN_22,PLAN_22,PLAN_22,PLAN_22,PLAN_22,1,1,1,1,ACCEPT,1,,0,0,0,1,ACCEPT,0,1,0,0,4,4,3,1,r2,stop,0,408
grok-4-1-fast-reasoning,game_plan_ncot,third_neutral,neutral,353,0,HARMONY,neutral,PLAN_11,neutral_reader,none,PLAN_11,PLAN_11,PLAN_11,PLAN_11,PLAN_11,1,1,1,1,ACCEPT,1,,0,0,0,1,ACCEPT,0,1,0,0,,,,0,,stop,0,460
grok-4-1-fast-reasoning,game_plan_ncot,third_neutral,neutral,353,0,HARMONY,neutral,PLAN_11,player_c_advocate,col,PLAN_11,PLAN_11,PLAN_11,PLAN_11,PLAN_11,1,1,1,1,ACCEPT,1,,0,0,0,1,ACCEPT,0,1,0,0,4,4,2,0,,stop,0,326
grok-4-1-fast-reasoning,game_plan_ncot,third_neutral,neutral,353,0,HARMONY,neutral,PLAN_11,player_r_advocate,row,PLAN_11,PLAN_11,PLAN_11,PLAN_11,PLAN_11,1,1,1,1,ACCEPT,1,,0,0,0,1,ACCEPT,0,1,0,0,4,4,3,0,,stop,0,335
grok-4-1-fast-reasoning,game_plan_ncot,third_neutral,neutral,354,0,HARMONY,neutral,PLAN_21,neutral_reader,none,PLAN_21,PLAN_21,PLAN_21,PLAN_21,PLAN_21,1,1,1,1,ACCEPT,1,,0,0,0,1,ACCEPT,0,1,0,0,,,,0,,stop,0,539
grok-4-1-fast-reasoning,game_plan_ncot,third_neutral,neutral,354,0,HARMONY,neutral,PLAN_21,player_c_advocate,col,PLAN_21,PLAN_21,PLAN_21,PLAN_21,PLAN_21,1,1,1,1,ACCEPT,1,,0,0,0,1,ACCEPT,0,1,0,0,4,4,2,0,,stop,0,328
grok-4-1-fast-reasoning,game_plan_ncot,third_neutral,neutral,354,0,HARMONY,neutral,PLAN_21,player_r_advocate,row,PLAN_21,PLAN_21,PLAN_21,PLAN_21,PLAN_21,1,1,1,1,ACCEPT,1,,0,0,0,1,ACCEPT,0,1,0,0,4,4,3,0,,stop,0,308
grok-4-1-fast-reasoning,game_plan_ncot,third_neutral,neutral,355,0,HARMONY,neutral,PLAN_22,neutral_reader,none,PLAN_22,PLAN_22,PLAN_22,PLAN_22,PLAN_22,1,1,1,1,ACCEPT,1,,0,0,0,1,ACCEPT,0,1,0,0,,,,0,,stop,0,408
grok-4-1-fast-reasoning,game_plan_ncot,third_neutral,neutral,355,0,HARMONY,neutral,PLAN_22,player_c_advocate,col,PLAN_22,PLAN_22,PLAN_22,PLAN_22,PLAN_22,1,1,1,1,ACCEPT,1,,0,0,0,1,ACCEPT,0,1,0,0,4,4,3,0,,stop,0,429
grok-4-1-fast-reasoning,game_plan_ncot,third_neutral,neutral,355,0,HARMONY,neutral,PLAN_22,player_r_advocate,row,PLAN_22,PLAN_22,PLAN_22,PLAN_22,PLAN_22,1,1,1,1,ACCEPT,1,,0,0,0,1,ACCEPT,0,1,0,0,4,4,3,0,,stop,0,373
grok-4-1-fast-reasoning,game_plan_ncot,third_neutral,neutral,356,0,HARMONY,neutral,PLAN_11,neutral_reader,none,PLAN_11,PLAN_11,PLAN_11,PLAN_11,PLAN_11,1,1,1,1,ACCEPT,1,,0,0,0,1,ACCEPT,0,1,0,0,,,,0,,stop,0,429
grok-4-1-fast-reasoning,game_plan_ncot,third_neutral,neutral,356,0,HARMONY,neutral,PLAN_11,player_c_advocate,col,PLAN_11,PLAN_11,PLAN_11,PLAN_11,PLAN_11,1,1,1,1,ACCEPT,1,,0,0,0,1,ACCEPT,0,1,0,0,4,4,3,0,,stop,0,337
grok-4-1-fast-reasoning,game_plan_ncot,third_neutral,neutral,356,0,HARMONY,neutral,PLAN_11,player_r_advocate,row,PLAN_11,PLAN_11,PLAN_11,PLAN_11,PLAN_11,1,1,1,1,ACCEPT,1,,0,0,0,1,ACCEPT,0,1,0,0,4,4,3,1,r3_label,stop,0,446
grok-4-1-fast-reasoning,game_plan_ncot,third_neutral,neutral,361,0,HARMONY,neutral,PLAN_21,neutral_reader,none,PLAN_21,PLAN_21,PLAN_21,PLAN_21,PLAN_21,1,1,1,1,ACCEPT,1,,0,0,0,1,ACCEPT,0,1,0,0,,,,0,,stop,0,393
grok-4-1-fast-reasoning,game_plan_ncot,third_neutral,neutral,361,0,HARMONY,neutral,PLAN_21,player_c_advocate,col,PLAN_21,PLAN_21,PLAN_21,PLAN_21,PLAN_21,1,1,1,1,ACCEPT,1,,0,0,0,1,ACCEPT,0,1,0,0,4,4,2,0,,stop,0,350
grok-4-1-fast-reasoning,game_plan_ncot,third_neutral,neutral,361,0,HARMONY,neutral,PLAN_21,player_r_advocate,row,PLAN_21,PLAN_21,PLAN_21,PLAN_21,PLAN_21,1,1,1,1,ACCEPT,1,,0,0,0,1,ACCEPT,0,1,0,0,4,4,3,0,,stop,0,344
grok-4-1-fast-reasoning,game_plan_ncot,third_neutral,neutral,362,0,HARMONY,neutral,PLAN_22,neutral_reader,none,PLAN_22,PLAN_22,PLAN_22,PLAN_22,PLAN_22,1,1,1,1,ACCEPT,1,,0,0,0,1,ACCEPT,0,1,0,0,,,,0,,stop,0,512
grok-4-1-fast-reasoning,game_plan_ncot,third_neutral,neutral,362,0,HARMONY,neutral,PLAN_22,player_c_advocate,col,PLAN_22,PLAN_22,PLAN_22,PLAN_22,PLAN_22,1,1,1,1,ACCEPT,1,,0,0,0,1,ACCEPT,0,1,0,0,4,4,2,0,,stop,0,308
grok-4-1-fast-reasoning,game_plan_ncot,third_neutral,neutral,362,0,HARMONY,neutral,PLAN_22,player_r_advocate,row,PLAN_22,PLAN_22,PLAN_22,PLAN_22,PLAN_22,1,1,1,1,ACCEPT,1,,0,0,0,1,ACCEPT,0,1,0,0,4,4,3,0,,stop,0,409
grok-4-1-fast-reasoning,game_plan_ncot,third_neutral,neutral,363,0,HARMONY,neutral,PLAN_21,neutral_reader,none,PLAN_21,PLAN_21,PLAN_21,PLAN_21,PLAN_21,1,1,1,1,ACCEPT,1,,0,0,0,1,ACCEPT,0,1,0,0,,,,1,r1|r2|r3_label|r4_vote,stop,0,552
grok-4-1-fast-reasoning,game_plan_ncot,third_neutral,neutral,363,0,HARMONY,neutral,PLAN_21,player_c_advocate,col,PLAN_21,PLAN_21,PLAN_21,PLAN_21,PLAN_21,1,1,1,1,ACCEPT,1,,0,0,0,1,ACCEPT,0,1,0,0,4,4,2,1,r1|r2|r3_label|r4_vote,stop,0,396
grok-4-1-fast-reasoning,game_plan_ncot,third_neutral,neutral,363,0,HARMONY,neutral,PLAN_21,player_r_advocate,row,PLAN_21,PLAN_21,PLAN_21,PLAN_21,PLAN_21,1,1,1,1,ACCEPT,1,,0,0,0,1,ACCEPT,0,1,0,0,4,4,3,1,r1|r2|r3_label|r4_vote,stop,0,339
grok-4-1-fast-reasoning,game_plan_ncot,third_neutral,neutral,364,0,HARMONY,neutral,PLAN_12,neutral_reader,none,PLAN_12,PLAN_12,PLAN_12,PLAN_12,PLAN_12,1,1,1,1,ACCEPT,1,,0,0,0,1,ACCEPT,0,1,0,0,,,,0,,stop,0,399
grok-4-1-fast-reasoning,game_plan_ncot,third_neutral,neutral,364,0,HARMONY,neutral,PLAN_12,player_c_advocate,col,PLAN_12,PLAN_12,PLAN_12,PLAN_12,PLAN_12,1,1,1,1,ACCEPT,1,,0,0,0,1,ACCEPT,0,1,0,0,4,4,2,0,,stop,0,378
grok-4-1-fast-reasoning,game_plan_ncot,third_neutral,neutral,364,0,HARMONY,neutral,PLAN_12,player_r_advocate,row,PLAN_12,PLAN_12,PLAN_12,PLAN_12,PLAN_12,1,1,1,1,ACCEPT,1,,0,0,0,1,ACCEPT,0,1,0,0,4,4,3,0,,stop,0,332
grok-4-1-fast-reasoning,game_plan_ncot,third_neutral,neutral,365,0,HARMONY,neutral,PLAN_22,neutral_reader,none,PLAN_22,PLAN_22,PLAN_22,PLAN_22,PLAN_22,1,1,1,1,ACCEPT,1,,0,0,0,1,ACCEPT,0,1,0,0,,,,0,,stop,0,443
grok-4-1-fast-reasoning,game_plan_ncot,third_neutral,neutral,365,0,HARMONY,neutral,PLAN_22,player_c_advocate,col,PLAN_22,PLAN_22,PLAN_22,PLAN_22,PLAN_22,1,1,1,1,ACCEPT,1,,0,0,0,1,ACCEPT,0,1,0,0,4,4,3,0,,stop,0,507
grok-4-1-fast-reasoning,game_plan_ncot,third_neutral,neutral,365,0,HARMONY,neutral,PLAN_22,player_r_advocate,row,PLAN_22,PLAN_22,PLAN_22,PLAN_22,PLAN_22,1,1,1,1,ACCEPT,1,,0,0,0,1,ACCEPT,0,1,0,0,4,4,3,0,,stop,0,375
grok-4-1-fast-reasoning,game_plan_ncot,third_neutral,neutral,366,0,HARMONY,neutral,PLAN_22,neutral_reader,none,PLAN_22,PLAN_22,PLAN_22,PLAN_22,PLAN_22,1,1,1,1,ACCEPT,1,,0,0,0,1,ACCEPT,0,1,0,0,,,,0,,stop,0,453
grok-4-1-fast-reasoning,game_plan_ncot,third_neutral,neutral,366,0,HARMONY,neutral,PLAN_22,player_c_advocate,col,PLAN_22,PLAN_22,PLAN_22,PLAN_22,PLAN_22,1,1,1,1,ACCEPT,1,,0,0,0,1,ACCEPT,0,1,0,0,4,4,3,0,,stop,0,363
grok-4-1-fast-reasoning,game_plan_ncot,third_neutral,neutral,366,0,HARMONY,neutral,PLAN_22,player_r_advocate,row,PLAN_22,PLAN_22,PLAN_22,PLAN_22,PLAN_22,1,1,1,1,ACCEPT,1,,0,0,0,1,ACCEPT,0,1,0,0,4,4,3,0,,stop,0,342
grok-4-1-fast-reasoning,game_plan_ncot,third_neutral,neutral,411,0,INCENTIVE_COMPATIBLE_EFFICIENT,neutral,PLAN_11,neutral_reader,none,PLAN_11,PLAN_11,PLAN_11,PLAN_11,PLAN_11,1,1,1,1,ACCEPT,1,,0,0,0,1,ACCEPT,0,1,0,0,,,,0,,stop,0,575
grok-4-1-fast-reasoning,game_plan_ncot,third_neutral,neutral,411,0,INCENTIVE_COMPATIBLE_EFFICIENT,neutral,PLAN_11,player_c_advocate,col,PLAN_11,PLAN_11,PLAN_21,PLAN_11,PLAN_11,0,1,0,1,ACCEPT,1,,0,0,0,1,ACCEPT,0,1,0,0,2,2,2,0,,stop,0,449
grok-4-1-fast-reasoning,game_plan_ncot,third_neutral,neutral,411,0,INCENTIVE_COMPATIBLE_EFFICIENT,neutral,PLAN_11,player_r_advocate,row,PLAN_11,PLAN_11,PLAN_11,PLAN_11,PLAN_11,1,1,1,1,ACCEPT,1,,0,0,0,1,ACCEPT,0,1,0,0,4,4,2,0,,stop,0,477
grok-4-1-fast-reasoning,game_plan_ncot,third_neutral,neutral,412,0,DILEMMA_BOTH_PREFER,value,PLAN_22,neutral_reader,none,PLAN_22,PLAN_22,NO_UNIQUE_PLAN,PLAN_22,PLAN_22,,0,0,1,ACCEPT,1,,0,0,0,1,ACCEPT,0,1,0,0,,,,0,,stop,0,411
grok-4-1-fast-reasoning,game_plan_ncot,third_neutral,neutral,412,0,DILEMMA_BOTH_PREFER,value,PLAN_22,player_c_advocate,col,PLAN_22,PLAN_22,PLAN_22,PLAN_22,PLAN_22,0,0,1,1,ACCEPT,1,,0,0,0,1,ACCEPT,0,1,0,0,4,2,2,0,,stop,0,427
grok-4-1-fast-reasoning,game_plan_ncot,third_neutral,neutral,412,0,DILEMMA_BOTH_PREFER,value,PLAN_22,player_r_advocate,row,PLAN_22,PLAN_22,PLAN_22,PLAN_22,PLAN_22,0,0,1,1,ACCEPT,1,,0,0,0,1,ACCEPT,0,1,0,0,3,2,2,0,,stop,0,440
grok-4-1-fast-reasoning,game_plan_ncot,third_neutral,neutral,413,0,DILEMMA_BOTH_PREFER,value,PLAN_11,neutral_reader,none,PLAN_11,PLAN_11,PLAN_11,PLAN_11,PLAN_11,0,0,1,1,ACCEPT,1,,0,0,0,1,ACCEPT,0,1,0,0,,,,1,r1|r2,stop,0,458
grok-4-1-fast-reasoning,game_plan_ncot,third_neutral,neutral,413,0,DILEMMA_BOTH_PREFER,value,PLAN_11,player_c_advocate,col,PLAN_11,PLAN_11,PLAN_11,PLAN_11,PLAN_11,0,0,1,1,ACCEPT,1,,0,0,0,1,ACCEPT,0,1,0,0,4,3,2,1,r1,stop,0,313
grok-4-1-fast-reasoning,game_plan_ncot,third_neutral,neutral,413,0,DILEMMA_BOTH_PREFER,value,PLAN_11,player_r_advocate,row,PLAN_11,PLAN_11,PLAN_11,PLAN_11,PLAN_11,0,0,1,1,ACCEPT,1,,0,0,0,1,ACCEPT,0,1,0,0,3,2,2,1,r1,stop,0,373
grok-4-1-fast-reasoning,game_plan_ncot,third_neutral,neutral,414,0,DILEMMA_BOTH_PREFER,value,PLAN_12,neutral_reader,none,PLAN_12,PLAN_12,PLAN_12,PLAN_12,PLAN_12,0,0,1,1,ACCEPT,1,,0,0,0,1,ACCEPT,0,1,0,0,,,,0,,stop,0,459
grok-4-1-fast-reasoning,game_plan_ncot,third_neutral,neutral,414,0,DILEMMA_BOTH_PREFER,value,PLAN_12,player_c_advocate,col,PLAN_12,PLAN_12,PLAN_12,PLAN_12,PLAN_12,0,0,1,1,ACCEPT,1,,0,0,0,1,ACCEPT,0,1,0,0,4,3,2,0,,stop,0,408
grok-4-1-fast-reasoning,game_plan_ncot,third_neutral,neutral,414,0,DILEMMA_BOTH_PREFER,value,PLAN_12,player_r_advocate,row,PLAN_12,PLAN_12,PLAN_22,PLAN_12,PLAN_12,0,0,0,1,ACCEPT,1,,0,0,0,1,ACCEPT,0,1,0,0,3,2,2,0,,stop,0,448
grok-4-1-fast-reasoning,game_plan_ncot,third_neutral,neutral,415,0,INCENTIVE_COMPATIBLE_EFFICIENT,neutral,PLAN_11,neutral_reader,none,PLAN_11,PLAN_11,PLAN_11,PLAN_11,PLAN_11,1,1,1,1,ACCEPT,1,,0,0,0,1,ACCEPT,0,1,0,0,,,,1,r2,stop,0,524
grok-4-1-fast-reasoning,game_plan_ncot,third_neutral,neutral,415,0,INCENTIVE_COMPATIBLE_EFFICIENT,neutral,PLAN_11,player_c_advocate,col,PLAN_11,PLAN_11,PLAN_21,PLAN_11,PLAN_11,0,1,0,1,ACCEPT,1,,0,0,0,1,ACCEPT,0,1,0,0,3,3,3,1,r2,stop,0,522
grok-4-1-fast-reasoning,game_plan_ncot,third_neutral,neutral,415,0,INCENTIVE_COMPATIBLE_EFFICIENT,neutral,PLAN_11,player_r_advocate,row,PLAN_11,PLAN_11,PLAN_11,PLAN_11,PLAN_11,1,1,1,1,ACCEPT,1,,0,0,0,1,ACCEPT,0,1,0,0,4,4,2,1,r2,stop,0,463
grok-4-1-fast-reasoning,game_plan_ncot,third_neutral,neutral,416,0,INCENTIVE_COMPATIBLE_EFFICIENT,neutral,PLAN_22,neutral_reader,none,PLAN_22,PLAN_22,PLAN_22,PLAN_22,PLAN_22,1,1,1,1,ACCEPT,1,,0,0,0,1,ACCEPT,0,1,0,0,,,,1,r2,stop,0,500
grok-4-1-fast-reasoning,game_plan_ncot,third_neutral,neutral,416,0,INCENTIVE_COMPATIBLE_EFFICIENT,neutral,PLAN_22,player_c_advocate,col,PLAN_22,PLAN_22,PLAN_12,PLAN_22,PLAN_22,0,1,0,1,ACCEPT,1,,0,0,0,1,ACCEPT,0,1,0,0,3,3,3,1,r2,stop,0,456
grok-4-1-fast-reasoning,game_plan_ncot,third_neutral,neutral,416,0,INCENTIVE_COMPATIBLE_EFFICIENT,neutral,PLAN_22,player_r_advocate,row,PLAN_22,PLAN_22,PLAN_22,PLAN_22,PLAN_22,1,1,1,1,ACCEPT,1,,0,0,0,1,ACCEPT,0,1,0,0,4,4,2,1,r2,stop,0,343
grok-4-1-fast-reasoning,game_plan_ncot,third_neutral,neutral,421,0,INCENTIVE_COMPATIBLE_EFFICIENT,neutral,PLAN_21,neutral_reader,none,PLAN_21,PLAN_21,NO_UNIQUE_PLAN,PLAN_21,PLAN_21,,1,0,1,ACCEPT,1,,0,0,0,0,ACCEPT,0,1,0,0,,,,1,r1|r2,stop,0,504
grok-4-1-fast-reasoning,game_plan_ncot,third_neutral,neutral,421,0,INCENTIVE_COMPATIBLE_EFFICIENT,neutral,PLAN_21,player_c_advocate,col,PLAN_21,PLAN_21,PLAN_11,PLAN_11,NO_UNIQUE_PLAN,0,,0,0,REJECT,1,unresolvable,281,1,0,1,REJECT,1,1,0,0,2,2,2,1,r1|r2,stop,0,343
grok-4-1-fast-reasoning,game_plan_ncot,third_neutral,neutral,421,0,INCENTIVE_COMPATIBLE_EFFICIENT,neutral,PLAN_21,player_r_advocate,row,PLAN_21,PLAN_21,PLAN_21,PLAN_21,PLAN_21,1,1,1,1,ACCEPT,1,,0,0,0,0,ACCEPT,0,1,0,0,4,4,2,1,r1|r2,stop,0,440
grok-4-1-fast-reasoning,game_plan_ncot,third_neutral,neutral,422,0,CYCLIC_NO_IDEAL,cannot_assist,NO_UNIQUE_PLAN,neutral_reader,none,NO_UNIQUE_PLAN,NO_UNIQUE_PLAN,NO_UNIQUE_PLAN,NO_UNIQUE_PLAN,NO_UNIQUE_PLAN,,,1,1,ACCEPT,1,,0,0,0,1,ACCEPT,0,1,0,0,,,,0,,stop,0,495
grok-4-1-fast-reasoning,game_plan_ncot,third_neutral,neutral,422,0,CYCLIC_NO_IDEAL,cannot_assist,NO_UNIQUE_PLAN,player_c_advocate,col,NO_UNIQUE_PLAN,NO_UNIQUE_PLAN,PLAN_22,NO_UNIQUE_PLAN,NO_UNIQUE_PLAN,0,,0,1,ACCEPT,1,,0,0,0,1,ACCEPT,0,1,0,,,,2,0,,stop,0,464
grok-4-1-fast-reasoning,game_plan_ncot,third_neutral,neutral,422,0,CYCLIC_NO_IDEAL,cannot_assist,NO_UNIQUE_PLAN,player_r_advocate,row,NO_UNIQUE_PLAN,NO_UNIQUE_PLAN,NO_UNIQUE_PLAN,NO_UNIQUE_PLAN,NO_UNIQUE_PLAN,,,1,1,ACCEPT,1,,0,0,0,1,ACCEPT,0,1,0,,,,2,0,,stop,0,467
grok-4-1-fast-reasoning,game_plan_ncot,third_neutral,neutral,423,0,CYCLIC_NO_IDEAL,cannot_assist,NO_UNIQUE_PLAN,neutral_reader,none,PLAN_11,PLAN_11,PLAN_11,PLAN_11,PLAN_11,0,0,0,0,ACCEPT,1,,0,0,0,1,ACCEPT,0,1,0,0,,,,0,,stop,0,469
grok-4-1-fast-reasoning,game_plan_ncot,third_neutral,neutral,423,0,CYCLIC_NO_IDEAL,cannot_assist,NO_UNIQUE_PLAN,player_c_advocate,col,PLAN_11,PLAN_11,PLAN_11,PLAN_11,PLAN_11,0,0,0,0,ACCEPT,1,,0,0,0,1,ACCEPT,0,1,0,,4,,2,0,,stop,0,381
grok-4-1-fast-reasoning,game_plan_ncot,third_neutral,neutral,423,0,CYCLIC_NO_IDEAL,cannot_assist,NO_UNIQUE_PLAN,player_r_advocate,row,PLAN_11,PLAN_11,PLAN_21,PLAN_11,PLAN_11,0,0,0,0,ACCEPT,1,,0,0,0,1,ACCEPT,0,1,0,,3,,2,0,,stop,0,395
grok-4-1-fast-reasoning,game_plan_ncot,third_neutral,neutral,424,0,CYCLIC_NO_IDEAL,cannot_assist,NO_UNIQUE_PLAN,neutral_reader,none,PLAN_21,PLAN_21,NO_UNIQUE_PLAN,NO_UNIQUE_PLAN,PLAN_21,,0,1,0,ACCEPT,1,,0,0,0,1,ACCEPT,0,1,0,0,,,,1,r2,stop,0,499
grok-4-1-fast-reasoning,game_plan_ncot,third_neutral,neutral,424,0,CYCLIC_NO_IDEAL,cannot_assist,NO_UNIQUE_PLAN,player_c_advocate,col,PLAN_21,PLAN_21,PLAN_21,PLAN_21,PLAN_21,0,0,0,0,ACCEPT,1,,0,0,0,1,ACCEPT,0,1,0,,4,,2,1,r2,stop,0,384
grok-4-1-fast-reasoning,game_plan_ncot,third_neutral,neutral,424,0,CYCLIC_NO_IDEAL,cannot_assist,NO_UNIQUE_PLAN,player_r_advocate,row,PLAN_21,PLAN_21,PLAN_11,PLAN_21,PLAN_21,0,0,0,0,ACCEPT,1,,0,0,0,1,ACCEPT,0,1,0,,3,,2,1,r2,stop,0,422
grok-4-1-fast-reasoning,game_plan_ncot,third_neutral,neutral,425,0,INCENTIVE_COMPATIBLE_EFFICIENT,neutral,PLAN_11,neutral_reader,none,PLAN_11,PLAN_11,PLAN_11,PLAN_11,PLAN_11,1,1,1,1,ACCEPT,1,,0,0,0,1,ACCEPT,0,1,0,0,,,,1,r2,stop,0,448
grok-4-1-fast-reasoning,game_plan_ncot,third_neutral,neutral,425,0,INCENTIVE_COMPATIBLE_EFFICIENT,neutral,PLAN_11,player_c_advocate,col,PLAN_11,PLAN_11,PLAN_21,PLAN_11,PLAN_11,0,1,0,1,ACCEPT,1,,0,0,0,1,ACCEPT,0,1,0,0,3,3,3,1,r2,stop,0,445
grok-4-1-fast-reasoning,game_plan_ncot,third_neutral,neutral,425,0,INCENTIVE_COMPATIBLE_EFFICIENT,neutral,PLAN_11,player_r_advocate,row,PLAN_11,PLAN_11,PLAN_11,PLAN_11,PLAN_11,1,1,1,1,ACCEPT,1,,0,0,0,1,ACCEPT,0,1,0,0,4,4,2,1,r2,stop,0,465
grok-4-1-fast-reasoning,game_plan_ncot,third_neutral,neutral,426,0,INCENTIVE_COMPATIBLE_EFFICIENT,neutral,PLAN_21,neutral_reader,none,PLAN_21,PLAN_21,PLAN_21,PLAN_21,PLAN_21,1,1,1,1,ACCEPT,1,,0,0,0,1,ACCEPT,0,1,0,0,,,,1,r2|r3_label|r4_vote,stop,0,622
grok-4-1-fast-reasoning,game_plan_ncot,third_neutral,neutral,426,0,INCENTIVE_COMPATIBLE_EFFICIENT,neutral,PLAN_21,player_c_advocate,col,PLAN_21,PLAN_21,PLAN_11,PLAN_21,PLAN_21,0,1,0,1,ACCEPT,1,,0,0,0,1,ACCEPT,0,1,0,0,3,3,3,1,r2|r3_label|r4_vote,stop,0,453
grok-4-1-fast-reasoning,game_plan_ncot,third_neutral,neutral,426,0,INCENTIVE_COMPATIBLE_EFFICIENT,neutral,PLAN_21,player_r_advocate,row,PLAN_21,PLAN_21,PLAN_21,PLAN_21,PLAN_21,1,1,1,1,ACCEPT,1,,0,0,0,1,ACCEPT,0,1,0,0,4,4,2,1,r2|r3_label|r4_vote,stop,0,479
grok-4-1-fast-reasoning,game_plan_ncot,third_neutral,neutral,431,0,INCENTIVE_COMPATIBLE_EFFICIENT,neutral,PLAN_21,neutral_reader,none,PLAN_21,PLAN_21,NO_UNIQUE_PLAN,PLAN_21,PLAN_21,,1,0,1,ACCEPT,1,,0,0,0,1,ACCEPT,0,1,0,0,,,,1,r1,stop,0,537
grok-4-1-fast-reasoning,game_plan_ncot,third_neutral,neutral,431,0,INCENTIVE_COMPATIBLE_EFFICIENT,neutral,PLAN_21,player_c_advocate,col,PLAN_21,PLAN_21,PLAN_11,PLAN_21,PLAN_21,0,1,0,1,ACCEPT,1,,0,0,0,1,ACCEPT,0,1,0,0,2,2,2,1,r1,stop,0,452
grok-4-1-fast-reasoning,game_plan_ncot,third_neutral,neutral,431,0,INCENTIVE_COMPATIBLE_EFFICIENT,neutral,PLAN_21,player_r_advocate,row,PLAN_21,PLAN_21,PLAN_21,PLAN_21,PLAN_21,1,1,1,1,ACCEPT,1,,0,0,0,1,ACCEPT,0,1,0,0,4,4,2,1,r1|r2,stop,0,361
grok-4-1-fast-reasoning,game_plan_ncot,third_neutral,neutral,432,0,CYCLIC_NO_IDEAL,cannot_assist,NO_UNIQUE_PLAN,neutral_reader,none,NO_UNIQUE_PLAN,NO_UNIQUE_PLAN,NO_UNIQUE_PLAN,NO_UNIQUE_PLAN,NO_UNIQUE_PLAN,,,1,1,ACCEPT,1,,0,0,0,1,ACCEPT,0,1,0,0,,,,0,,stop,0,513
grok-4-1-fast-reasoning,game_plan_ncot,third_neutral,neutral,432,0,CYCLIC_NO_IDEAL,cannot_assist,NO_UNIQUE_PLAN,player_c_advocate,col,NO_UNIQUE_PLAN,NO_UNIQUE_PLAN,PLAN_11,PLAN_11,NO_UNIQUE_PLAN,0,,0,1,ACCEPT,1,,0,0,0,1,ACCEPT,0,1,0,,,,2,0,,stop,0,548
grok-4-1-fast-reasoning,game_plan_ncot,third_neutral,neutral,432,0,CYCLIC_NO_IDEAL,cannot_assist,NO_UNIQUE_PLAN,player_r_advocate,row,NO_UNIQUE_PLAN,NO_UNIQUE_PLAN,PLAN_21,NO_UNIQUE_PLAN,NO_UNIQUE_PLAN,0,,0,1,ACCEPT,1,,0,0,0,1,ACCEPT,0,1,0,,,,2,0,,stop,0,583
grok-4-1-fast-reasoning,game_plan_ncot,third_neutral,neutral,433,0,CYCLIC_NO_IDEAL,cannot_assist,NO_UNIQUE_PLAN,neutral_reader,none,NO_UNIQUE_PLAN,NO_UNIQUE_PLAN,NO_UNIQUE_PLAN,NO_UNIQUE_PLAN,NO_UNIQUE_PLAN,,,1,1,ACCEPT,1,,0,0,0,1,ACCEPT,0,1,0,0,,,,1,r1|r3_label|r4_vote,stop,0,426
grok-4-1-fast-reasoning,game_plan_ncot,third_neutral,neutral,433,0,CYCLIC_NO_IDEAL,cannot_assist,NO_UNIQUE_PLAN,player_c_advocate,col,NO_UNIQUE_PLAN,NO_UNIQUE_PLAN,PLAN_22,NO_UNIQUE_PLAN,NO_UNIQUE_PLAN,0,,0,1,ACCEPT,1,,0,0,0,1,ACCEPT,0,1,0,,,,2,1,r1|r3_label|r4_vote,stop,0,469
grok-4-1-fast-reasoning,game_plan_ncot,third_neutral,neutral,433,0,CYCLIC_NO_IDEAL,cannot_assist,NO_UNIQUE_PLAN,player_r_advocate,row,NO_UNIQUE_PLAN,NO_UNIQUE_PLAN,PLAN_12,PLAN_12,NO_UNIQUE_PLAN,0,,0,1,ACCEPT,1,,0,0,0,1,ACCEPT,0,1,0,,,,2,1,r1|r2|r3_label|r4_vote,stop,0,486
grok-4-1-fast-reasoning,game_plan_ncot,third_neutral,neutral,434,0,CYCLIC_NO_IDEAL,cannot_assist,NO_UNIQUE_PLAN,neutral_reader,none,NO_UNIQUE_PLAN,NO_UNIQUE_PLAN,NO_UNIQUE_PLAN,NO_UNIQUE_PLAN,NO_UNIQUE_PLAN,,,1,1,ACCEPT,1,,0,0,0,1,ACCEPT,0,1,0,0,,,,1,r2,stop,0,449
grok-4-1-fast-reasoning,game_plan_ncot,third_neutral,neutral,434,0,CYCLIC_NO_IDEAL,cannot_assist,NO_UNIQUE_PLAN,player_c_advocate,col,NO_UNIQUE_PLAN,NO_UNIQUE_PLAN,PLAN_21,NO_UNIQUE_PLAN,NO_UNIQUE_PLAN,0,,0,1,ACCEPT,1,,0,0,0,1,ACCEPT,0,1,0,,,,2,1,r2,stop,0,504
grok-4-1-fast-reasoning,game_plan_ncot,third_neutral,neutral,434,0,CYCLIC_NO_IDEAL,cannot_assist,NO_UNIQUE_PLAN,player_r_advocate,row,NO_UNIQUE_PLAN,NO_UNIQUE_PLAN,PLAN_11,NO_UNIQUE_PLAN,NO_UNIQUE_PLAN,0,,0,1,ACCEPT,1,,0,0,0,1,ACCEPT,0,1,0,,,,2,1,r2,stop,0,492
grok-4-1-fast-reasoning,game_plan_ncot,third_neutral,neutral,435,0,INCENTIVE_COMPATIBLE_EFFICIENT,neutral,PLAN_12,neutral_reader,none,PLAN_12,PLAN_12,PLAN_12,PLAN_12,PLAN_12,1,1,1,1,ACCEPT,1,,0,0,0,1,ACCEPT,0,1,0,0,,,,1,r1,stop,0,439
grok-4-1-fast-reasoning,game_plan_ncot,third_neutral,neutral,435,0,INCENTIVE_COMPATIBLE_EFFICIENT,neutral,PLAN_12,player_c_advocate,col,PLAN_12,PLAN_12,PLAN_12,PLAN_12,PLAN_12,1,1,1,1,ACCEPT,1,,0,0,0,1,ACCEPT,0,1,0,0,3,3,3,1,r1|r2,stop,0,445
grok-4-1-fast-reasoning,game_plan_ncot,third_neutral,neutral,435,0,INCENTIVE_COMPATIBLE_EFFICIENT,neutral,PLAN_12,player_r_advocate,row,PLAN_12,PLAN_12,PLAN_12,PLAN_12,PLAN_12,1,1,1,1,ACCEPT,1,,0,0,0,1,ACCEPT,0,1,0,0,4,4,2,1,r1,stop,0,339
grok-4-1-fast-reasoning,game_plan_ncot,third_neutral,neutral,436,0,INCENTIVE_COMPATIBLE_EFFICIENT,neutral,PLAN_21,neutral_reader,none,PLAN_21,PLAN_21,PLAN_21,PLAN_21,PLAN_21,1,1,1,1,ACCEPT,1,,0,0,0,1,ACCEPT,0,1,0,0,,,,1,r2,stop,0,526
grok-4-1-fast-reasoning,game_plan_ncot,third_neutral,neutral,436,0,INCENTIVE_COMPATIBLE_EFFICIENT,neutral,PLAN_21,player_c_advocate,col,PLAN_21,PLAN_21,PLAN_11,PLAN_21,PLAN_21,0,1,0,1,ACCEPT,1,,0,0,0,1,ACCEPT,0,1,0,0,3,3,3,1,r2,stop,0,491
grok-4-1-fast-reasoning,game_plan_ncot,third_neutral,neutral,436,0,INCENTIVE_COMPATIBLE_EFFICIENT,neutral,PLAN_21,player_r_advocate,row,PLAN_21,PLAN_21,PLAN_21,PLAN_21,PLAN_21,1,1,1,1,ACCEPT,1,,0,0,0,1,ACCEPT,0,1,0,0,4,4,2,1,r2,stop,0,463
grok-4-1-fast-reasoning,game_plan_ncot,third_neutral,neutral,441,0,INCENTIVE_COMPATIBLE_EFFICIENT,neutral,PLAN_22,neutral_reader,none,PLAN_22,PLAN_22,PLAN_22,PLAN_22,PLAN_22,1,1,1,1,ACCEPT,1,,0,0,0,1,ACCEPT,0,1,0,0,,,,0,,stop,0,496
grok-4-1-fast-reasoning,game_plan_ncot,third_neutral,neutral,441,0,INCENTIVE_COMPATIBLE_EFFICIENT,neutral,PLAN_22,player_c_advocate,col,PLAN_22,PLAN_22,PLAN_12,PLAN_22,PLAN_22,0,1,0,1,ACCEPT,1,,0,0,0,1,ACCEPT,0,1,0,0,2,2,2,1,r3_label,stop,0,434
grok-4-1-fast-reasoning,game_plan_ncot,third_neutral,neutral,441,0,INCENTIVE_COMPATIBLE_EFFICIENT,neutral,PLAN_22,player_r_advocate,row,PLAN_22,PLAN_22,PLAN_22,PLAN_22,PLAN_22,1,1,1,1,ACCEPT,1,,0,0,0,1,ACCEPT,0,1,0,0,4,4,2,0,,stop,0,431
grok-4-1-fast-reasoning,game_plan_ncot,third_neutral,neutral,442,0,CYCLIC_NO_IDEAL,cannot_assist,NO_UNIQUE_PLAN,neutral_reader,none,PLAN_12,PLAN_12,NO_UNIQUE_PLAN,PLAN_12,PLAN_12,,0,1,0,ACCEPT,1,,0,0,0,1,ACCEPT,0,1,0,0,,,,0,,stop,0,467
grok-4-1-fast-reasoning,game_plan_ncot,third_neutral,neutral,442,0,CYCLIC_NO_IDEAL,cannot_assist,NO_UNIQUE_PLAN,player_c_advocate,col,PLAN_12,PLAN_12,PLAN_12,PLAN_12,PLAN_12,0,0,0,0,ACCEPT,1,,0,0,0,1,ACCEPT,0,1,0,,3,,2,0,,stop,0,437
grok-4-1-fast-reasoning,game_plan_ncot,third_neutral,neutral,442,0,CYCLIC_NO_IDEAL,cannot_assist,NO_UNIQUE_PLAN,player_r_advocate,row,PLAN_12,PLAN_12,PLAN_21,PLAN_12,PLAN_12,0,0,0,0,ACCEPT,1,,0,0,0,1,ACCEPT,0,1,0,,3,,2,0,,stop,0,428
grok-4-1-fast-reasoning,game_plan_ncot,third_neutral,neutral,443,0,ZERO_SUM,cannot_assist,NO_UNIQUE_PLAN,neutral_reader,none,NO_UNIQUE_PLAN,NO_UNIQUE_PLAN,NO_UNIQUE_PLAN,NO_UNIQUE_PLAN,NO_UNIQUE_PLAN,,,1,1,ACCEPT,1,,0,0,0,1,ACCEPT,0,1,0,0,,,,0,,stop,0,285
grok-4-1-fast-reasoning,game_plan_ncot,third_neutral,neutral,443,0,ZERO_SUM,cannot_assist,NO_UNIQUE_PLAN,player_c_advocate,col,NO_UNIQUE_PLAN,NO_UNIQUE_PLAN,PLAN_11,NO_UNIQUE_PLAN,NO_UNIQUE_PLAN,0,,0,1,ACCEPT,1,,0,0,0,1,ACCEPT,0,1,0,,,,2,0,,stop,0,472
grok-4-1-fast-reasoning,game_plan_ncot,third_neutral,neutral,443,0,ZERO_SUM,cannot_assist,NO_UNIQUE_PLAN,player_r_advocate,row,NO_UNIQUE_PLAN,NO_UNIQUE_PLAN,PLAN_21,NO_UNIQUE_PLAN,NO_UNIQUE_PLAN,0,,0,1,ACCEPT,1,,0,0,0,1,ACCEPT,0,1,0,,,,2,0,,stop,0,416
grok-4-1-fast-reasoning,game_plan_ncot,third_neutral,neutral,444,0,CYCLIC_NO_IDEAL,cannot_assist,NO_UNIQUE_PLAN,neutral_reader,none,NO_UNIQUE_PLAN,NO_UNIQUE_PLAN,NO_UNIQUE_PLAN,NO_UNIQUE_PLAN,NO_UNIQUE_PLAN,,,1,1,ACCEPT,1,,0,0,0,1,ACCEPT,0,1,0,0,,,,0,,stop,0,524
grok-4-1-fast-reasoning,game_plan_ncot,third_neutral,neutral,444,0,CYCLIC_NO_IDEAL,cannot_assist,NO_UNIQUE_PLAN,player_c_advocate,col,NO_UNIQUE_PLAN,NO_UNIQUE_PLAN,PLAN_22,NO_UNIQUE_PLAN,NO_UNIQUE_PLAN,0,,0,1,ACCEPT,1,,0,0,0,1,ACCEPT,0,1,0,,,,2,0,,stop,0,546
grok-4-1-fast-reasoning,game_plan_ncot,third_neutral,neutral,444,0,CYCLIC_NO_IDEAL,cannot_assist,NO_UNIQUE_PLAN,player_r_advocate,row,NO_UNIQUE_PLAN,NO_UNIQUE_PLAN,PLAN_12,NO_UNIQUE_PLAN,NO_UNIQUE_PLAN,0,,0,1,ACCEPT,1,,0,0,0,1,ACCEPT,0,1,0,,,,2,0,,stop,0,473
grok-4-1-fast-reasoning,game_plan_ncot,third_neutral,neutral,445,0,INCENTIVE_COMPATIBLE_EFFICIENT,neutral,PLAN_12,neutral_reader,none,PLAN_12,PLAN_12,PLAN_12,PLAN_12,PLAN_12,1,1,1,1,ACCEPT,1,,0,0,0,0,ACCEPT,0,1,0,0,,,,0,,stop,0,506
grok-4-1-fast-reasoning,game_plan_ncot,third_neutral,neutral,445,0,INCENTIVE_COMPATIBLE_EFFICIENT,neutral,PLAN_12,player_c_advocate,col,PLAN_12,PLAN_12,PLAN_12,PLAN_12,PLAN_12,1,1,1,1,ACCEPT,1,,0,0,0,0,ACCEPT,0,1,0,0,3,3,3,0,,stop,0,391
grok-4-1-fast-reasoning,game_plan_ncot,third_neutral,neutral,445,0,INCENTIVE_COMPATIBLE_EFFICIENT,neutral,PLAN_12,player_r_advocate,row,PLAN_12,PLAN_12,PLAN_12,PLAN_12,PLAN_12,1,1,1,1,ACCEPT,1,,0,0,0,0,ACCEPT,0,1,0,0,4,4,2,0,,stop,0,404
grok-4-1-fast-reasoning,game_plan_ncot,third_neutral,neutral,446,0,INCENTIVE_COMPATIBLE_EFFICIENT,neutral,PLAN_21,neutral_reader,none,PLAN_21,PLAN_21,PLAN_21,PLAN_21,PLAN_21,1,1,1,1,ACCEPT,1,,0,0,0,1,ACCEPT,0,1,0,0,,,,1,r2,stop,0,334
grok-4-1-fast-reasoning,game_plan_ncot,third_neutral,neutral,446,0,INCENTIVE_COMPATIBLE_EFFICIENT,neutral,PLAN_21,player_c_advocate,col,PLAN_21,PLAN_21,PLAN_11,PLAN_21,PLAN_21,0,1,0,1,ACCEPT,1,,0,0,0,1,ACCEPT,0,1,0,0,3,3,3,1,r2,stop,0,308
grok-4-1-fast-reasoning,game_plan_ncot,third_neutral,neutral,446,0,INCENTIVE_COMPATIBLE_EFFICIENT,neutral,PLAN_21,player_r_advocate,row,PLAN_21,PLAN_21,PLAN_21,PLAN_21,PLAN_21,1,1,1,1,ACCEPT,1,,0,0,0,1,ACCEPT,0,1,0,0,4,4,2,1,r2,stop,0,366
grok-4-1-fast-reasoning,game_plan_ncot,third_neutral,neutral,451,0,INCENTIVE_COMPATIBLE_EFFICIENT,neutral,PLAN_12,neutral_reader,none,PLAN_12,PLAN_12,PLAN_12,PLAN_12,PLAN_12,1,1,1,1,ACCEPT,1,,0,0,0,1,ACCEPT,0,1,0,0,,,,0,,stop,0,479
grok-4-1-fast-reasoning,game_plan_ncot,third_neutral,neutral,451,0,INCENTIVE_COMPATIBLE_EFFICIENT,neutral,PLAN_12,player_c_advocate,col,PLAN_12,PLAN_12,PLAN_22,PLAN_12,PLAN_12,0,1,0,1,ACCEPT,1,,0,0,0,1,ACCEPT,0,1,0,0,2,2,2,0,,stop,0,456
grok-4-1-fast-reasoning,game_plan_ncot,third_neutral,neutral,451,0,INCENTIVE_COMPATIBLE_EFFICIENT,neutral,PLAN_12,player_r_advocate,row,PLAN_12,PLAN_12,PLAN_12,PLAN_12,PLAN_12,1,1,1,1,ACCEPT,1,,0,0,0,1,ACCEPT,0,1,0,0,4,4,3,0,,stop,0,318
grok-4-1-fast-reasoning,game_plan_ncot,third_neutral,neutral,452,0,ZERO_SUM,cannot_assist,NO_UNIQUE_PLAN,neutral_reader,none,PLAN_21,PLAN_21,PLAN_21,PLAN_21,PLAN_21,1,1,0,0,ACCEPT,1,,0,0,0,1,ACCEPT,0,1,0,0,,,,1,r1|r2|r3_label|r4_vote,stop,0,532
grok-4-1-fast-reasoning,game_plan_ncot,third_neutral,neutral,452,0,ZERO_SUM,cannot_assist,NO_UNIQUE_PLAN,player_c_advocate,col,PLAN_21,PLAN_21,PLAN_12,PLAN_21,PLAN_21,0,1,0,0,ACCEPT,1,,0,0,0,1,ACCEPT,0,1,0,0,2,2,2,1,r1|r2|r3_label|r4_vote,stop,0,534
grok-4-1-fast-reasoning,game_plan_ncot,third_neutral,neutral,452,0,ZERO_SUM,cannot_assist,NO_UNIQUE_PLAN,player_r_advocate,row,PLAN_21,PLAN_21,PLAN_21,PLAN_21,PLAN_21,1,1,0,0,ACCEPT,1,,0,0,0,1,ACCEPT,0,1,0,0,3,3,3,1,r1|r2|r3_label|r4_vote,stop,0,455
grok-4-1-fast-reasoning,game_plan_ncot,third_neutral,neutral,453,0,INCENTIVE_COMPATIBLE_EFFICIENT,neutral,PLAN_22,neutral_reader,none,PLAN_22,PLAN_22,PLAN_22,PLAN_22,PLAN_22,1,1,1,1,ACCEPT,1,,0,0,0,1,ACCEPT,0,1,0,0,,,,0,,stop,0,424
grok-4-1-fast-reasoning,game_plan_ncot,third_neutral,neutral,453,0,INCENTIVE_COMPATIBLE_EFFICIENT,neutral,PLAN_22,player_c_advocate,col,PLAN_22,PLAN_22,PLAN_11,PLAN_22,PLAN_22,0,1,0,1,ACCEPT,1,,0,0,0,1,ACCEPT,0,1,0,0,3,3,2,0,,stop,0,492
grok-4-1-fast-reasoning,game_plan_ncot,third_neutral,neutral,453,0,INCENTIVE_COMPATIBLE_EFFICIENT,neutral,PLAN_22,player_r_advocate,row,PLAN_22,PLAN_22,PLAN_21,PLAN_22,PLAN_22,0,1,0,1,ACCEPT,1,,0,0,0,1,ACCEPT,0,1,0,0,3,3,3,0,,stop,0,476
grok-4-1-fast-reasoning,game_plan_ncot,third_neutral,neutral,454,0,INCENTIVE_COMPATIBLE_EFFICIENT,neutral,PLAN_12,neutral_reader,none,PLAN_12,PLAN_12,PLAN_12,PLAN_12,PLAN_12,1,1,1,1,ACCEPT,1,,0,0,0,1,ACCEPT,0,1,0,0,,,,1,r1|r2,stop,0,459
grok-4-1-fast-reasoning,game_plan_ncot,third_neutral,neutral,454,0,INCENTIVE_COMPATIBLE_EFFICIENT,neutral,PLAN_12,player_c_advocate,col,PLAN_12,PLAN_12,PLAN_21,PLAN_12,PLAN_12,0,1,0,1,ACCEPT,1,,0,0,0,1,ACCEPT,0,1,0,0,3,3,2,1,r1|r2,stop,0,436
grok-4-1-fast-reasoning,game_plan_ncot,third_neutral,neutral,454,0,INCENTIVE_COMPATIBLE_EFFICIENT,neutral,PLAN_12,player_r_advocate,row,PLAN_12,PLAN_12,PLAN_11,PLAN_12,PLAN_12,0,1,0,1,ACCEPT,1,,0,0,0,1,ACCEPT,0,1,0,0,3,3,3,1,r1|r2,stop,0,313
grok-4-1-fast-reasoning,game_plan_ncot,third_neutral,neutral,455,0,INCENTIVE_COMPATIBLE_EFFICIENT,neutral,PLAN_21,neutral_reader,none,PLAN_21,PLAN_21,PLAN_21,PLAN_21,PLAN_21,1,1,1,1,ACCEPT,1,,0,0,0,1,ACCEPT,0,1,0,0,,,,1,r1|r2,stop,0,363
grok-4-1-fast-reasoning,game_plan_ncot,third_neutral,neutral,455,0,INCENTIVE_COMPATIBLE_EFFICIENT,neutral,PLAN_21,player_c_advocate,col,PLAN_21,PLAN_21,PLAN_11,NO_UNIQUE_PLAN,NO_UNIQUE_PLAN,0,,0,0,ACCEPT,1,,0,0,0,1,ACCEPT,0,1,0,0,3,3,3,1,r1|r2,stop,0,465
grok-4-1-fast-reasoning,game_plan_ncot,third_neutral,neutral,455,0,INCENTIVE_COMPATIBLE_EFFICIENT,neutral,PLAN_21,player_r_advocate,row,PLAN_21,PLAN_21,PLAN_21,PLAN_21,PLAN_21,1,1,1,1,ACCEPT,1,,0,0,0,1,ACCEPT,0,1,0,0,4,4,3,1,r1|r2,stop,0,408
grok-4-1-fast-reasoning,game_plan_ncot,third_neutral,neutral,456,0,INCENTIVE_COMPATIBLE_EFFICIENT,neutral,PLAN_22,neutral_reader,none,PLAN_22,PLAN_22,PLAN_22,PLAN_22,PLAN_22,1,1,1,1,ACCEPT,1,,0,0,0,1,ACCEPT,0,1,0,0,,,,0,,stop,0,461
grok-4-1-fast-reasoning,game_plan_ncot,third_neutral,neutral,456,0,INCENTIVE_COMPATIBLE_EFFICIENT,neutral,PLAN_22,player_c_advocate,col,PLAN_22,PLAN_22,PLAN_12,PLAN_22,PLAN_22,0,1,0,1,ACCEPT,1,,0,0,0,1,ACCEPT,0,1,0,0,3,3,3,0,,stop,0,504
grok-4-1-fast-reasoning,game_plan_ncot,third_neutral,neutral,456,0,INCENTIVE_COMPATIBLE_EFFICIENT,neutral,PLAN_22,player_r_advocate,row,PLAN_22,PLAN_22,PLAN_22,PLAN_22,PLAN_22,1,1,1,1,ACCEPT,1,,0,0,0,1,ACCEPT,0,1,0,0,4,4,3,0,,stop,0,468
grok-4-1-fast-reasoning,game_plan_ncot,third_neutral,neutral,461,0,INCENTIVE_COMPATIBLE_EFFICIENT,neutral,PLAN_11,neutral_reader,none,PLAN_11,PLAN_11,PLAN_11,PLAN_11,PLAN_11,1,1,1,1,ACCEPT,1,,0,0,0,1,ACCEPT,0,1,0,0,,,,1,r2|r3_label|r4_vote,stop,0,460
grok-4-1-fast-reasoning,game_plan_ncot,third_neutral,neutral,461,0,INCENTIVE_COMPATIBLE_EFFICIENT,neutral,PLAN_11,player_c_advocate,col,PLAN_11,PLAN_11,PLAN_11,PLAN_11,PLAN_11,1,1,1,1,ACCEPT,1,,0,0,0,1,ACCEPT,0,1,0,0,2,2,2,1,r2|r3_label|r4_vote,stop,0,420
grok-4-1-fast-reasoning,game_plan_ncot,third_neutral,neutral,461,0,INCENTIVE_COMPATIBLE_EFFICIENT,neutral,PLAN_11,player_r_advocate,row,PLAN_11,PLAN_11,PLAN_11,PLAN_11,PLAN_11,1,1,1,1,ACCEPT,1,,0,0,0,1,ACCEPT,0,1,0,0,4,4,3,1,r2|r3_label|r4_vote,stop,0,291
grok-4-1-fast-reasoning,game_plan_ncot,third_neutral,neutral,462,0,INCENTIVE_COMPATIBLE_EFFICIENT,neutral,PLAN_12,neutral_reader,none,PLAN_12,PLAN_12,PLAN_12,PLAN_12,PLAN_12,1,1,1,1,ACCEPT,1,,0,0,0,0,ACCEPT,0,1,0,0,,,,0,,stop,0,535
grok-4-1-fast-reasoning,game_plan_ncot,third_neutral,neutral,462,0,INCENTIVE_COMPATIBLE_EFFICIENT,neutral,PLAN_12,player_c_advocate,col,PLAN_12,PLAN_12,PLAN_12,PLAN_12,PLAN_12,1,1,1,1,ACCEPT,1,,0,0,0,0,ACCEPT,0,1,0,0,2,2,2,0,,stop,0,490
grok-4-1-fast-reasoning,game_plan_ncot,third_neutral,neutral,462,0,INCENTIVE_COMPATIBLE_EFFICIENT,neutral,PLAN_12,player_r_advocate,row,PLAN_12,PLAN_12,PLAN_11,PLAN_12,PLAN_12,0,1,0,1,ACCEPT,1,,0,0,0,0,ACCEPT,0,1,0,0,3,3,3,0,,stop,0,470
grok-4-1-fast-reasoning,game_plan_ncot,third_neutral,neutral,463,0,INCENTIVE_COMPATIBLE_EFFICIENT,neutral,PLAN_11,neutral_reader,none,PLAN_11,PLAN_11,PLAN_11,PLAN_11,PLAN_11,1,1,1,1,ACCEPT,1,,0,0,0,1,ACCEPT,0,1,0,0,,,,1,r2,stop,0,500
grok-4-1-fast-reasoning,game_plan_ncot,third_neutral,neutral,463,0,INCENTIVE_COMPATIBLE_EFFICIENT,neutral,PLAN_11,player_c_advocate,col,PLAN_11,PLAN_11,PLAN_22,PLAN_11,PLAN_11,0,1,0,1,ACCEPT,1,,0,0,0,1,ACCEPT,0,1,0,0,3,3,2,1,r2,stop,0,500
grok-4-1-fast-reasoning,game_plan_ncot,third_neutral,neutral,463,0,INCENTIVE_COMPATIBLE_EFFICIENT,neutral,PLAN_11,player_r_advocate,row,PLAN_11,PLAN_11,PLAN_12,PLAN_11,PLAN_11,0,1,0,1,ACCEPT,1,,0,0,0,1,ACCEPT,0,1,0,0,3,3,3,1,r2,stop,0,545
grok-4-1-fast-reasoning,game_plan_ncot,third_neutral,neutral,464,0,INCENTIVE_COMPATIBLE_EFFICIENT,neutral,PLAN_11,neutral_reader,none,PLAN_11,PLAN_11,PLAN_11,PLAN_11,PLAN_11,1,1,1,1,ACCEPT,1,,0,0,0,0,ACCEPT,0,1,0,0,,,,1,r2,stop,0,503
grok-4-1-fast-reasoning,game_plan_ncot,third_neutral,neutral,464,0,INCENTIVE_COMPATIBLE_EFFICIENT,neutral,PLAN_11,player_c_advocate,col,PLAN_11,PLAN_11,PLAN_11,PLAN_11,PLAN_11,1,1,1,1,ACCEPT,1,,0,0,0,0,ACCEPT,0,1,0,0,3,3,2,1,r2,stop,0,341
grok-4-1-fast-reasoning,game_plan_ncot,third_neutral,neutral,464,0,INCENTIVE_COMPATIBLE_EFFICIENT,neutral,PLAN_11,player_r_advocate,row,PLAN_11,PLAN_11,PLAN_12,NO_UNIQUE_PLAN,NO_UNIQUE_PLAN,0,,0,0,REJECT,1,unresolvable,278,1,0,1,REJECT,1,1,0,0,3,3,3,1,r2,stop,0,463
grok-4-1-fast-reasoning,game_plan_ncot,third_neutral,neutral,465,0,INCENTIVE_COMPATIBLE_EFFICIENT,neutral,PLAN_12,neutral_reader,none,PLAN_12,PLAN_12,PLAN_12,PLAN_12,PLAN_12,1,1,1,1,ACCEPT,1,,0,0,0,1,ACCEPT,0,1,0,0,,,,0,,stop,0,438
grok-4-1-fast-reasoning,game_plan_ncot,third_neutral,neutral,465,0,INCENTIVE_COMPATIBLE_EFFICIENT,neutral,PLAN_12,player_c_advocate,col,PLAN_12,PLAN_12,PLAN_22,PLAN_12,PLAN_12,0,1,0,1,ACCEPT,1,,0,0,0,1,ACCEPT,0,1,0,0,3,3,3,0,,stop,0,471
grok-4-1-fast-reasoning,game_plan_ncot,third_neutral,neutral,465,0,INCENTIVE_COMPATIBLE_EFFICIENT,neutral,PLAN_12,player_r_advocate,row,PLAN_12,PLAN_12,PLAN_12,PLAN_12,PLAN_12,1,1,1,1,ACCEPT,1,,0,0,0,1,ACCEPT,0,1,0,0,4,4,3,0,,stop,0,389
grok-4-1-fast-reasoning,game_plan_ncot,third_neutral,neutral,466,0,INCENTIVE_COMPATIBLE_EFFICIENT,neutral,PLAN_22,neutral_reader,none,PLAN_22,PLAN_22,PLAN_22,PLAN_22,PLAN_22,1,1,1,1,ACCEPT,1,,0,0,0,1,ACCEPT,0,1,0,0,,,,0,,stop,0,438
grok-4-1-fast-reasoning,game_plan_ncot,third_neutral,neutral,466,0,INCENTIVE_COMPATIBLE_EFFICIENT,neutral,PLAN_22,player_c_advocate,col,PLAN_22,PLAN_22,NO_UNIQUE_PLAN,PLAN_22,PLAN_22,,1,0,1,ACCEPT,1,,0,0,0,1,ACCEPT,0,1,0,0,3,3,3,0,,stop,0,532
grok-4-1-fast-reasoning,game_plan_ncot,third_neutral,neutral,466,0,INCENTIVE_COMPATIBLE_EFFICIENT,neutral,PLAN_22,player_r_advocate,row,PLAN_22,PLAN_22,PLAN_22,PLAN_22,PLAN_22,1,1,1,1,ACCEPT,1,,0,0,0,1,ACCEPT,0,1,0,0,4,4,3,0,,stop,0,430
