scenario_id,baseline_io,standard_cot,narrative_cot
aging_parent,1.4854752972230063,1.360964047439353,-1.4428232973175175e-12
av_engineer,-1.4428232973175175e-12,-1.4428232973175175e-12,-1.4428232973175175e-12
hospital_allocation,0.9709505944517833,0.9927744539849228,0.28639695711307084
pharma_whistleblower,0.28639695711307084,-1.4428232973175175e-12,0.28639695711307084
research_volunteer,1.1411535278749776,0.8812908992278072,0.8841837197748609
