variable,raw_cliffs_delta,length_residualized_cliffs_delta,ci_lo,ci_hi,shrinkage
stakeholder_count,1.0,0.5184,0.38599500000000003,0.64581,0.48160000000000003
max_causal_hops,0.9525,0.3386,0.17638,0.499,0.6139
uncertainty_score,0.9225,0.1344,-0.045235,0.3018299999999999,0.7881
n_frameworks,0.04,-0.7954,-0.906,-0.6804,0.8354
