variable,raw_cliffs_delta,length_residualized_cliffs_delta,ci_lo,ci_hi,shrinkage
stakeholder_count,1.0,0.5184,0.381,0.6492199999999999,0.48160000000000003
max_causal_hops,0.9525,0.3386,0.17830000000000001,0.4892249999999999,0.6139
uncertainty_score,0.9225,0.1344,-0.043425,0.3104249999999999,0.7881
n_frameworks,0.04,-0.7954,-0.89323,-0.6702,0.8354
