variable,raw_cliffs_delta,length_residualized_cliffs_delta,ci_lo,ci_hi,shrinkage
stakeholder_count,1.0,0.5184,0.38299,0.6464,0.48160000000000003
max_causal_hops,0.9525,0.3386,0.16676000000000002,0.48700999999999994,0.6139
uncertainty_score,0.9225,0.1344,-0.03844499999999999,0.300805,0.7881
n_frameworks,0.04,-0.7954,-0.904,-0.6736,0.8354
