variable,raw_cliffs_delta,length_residualized_cliffs_delta,ci_lo,ci_hi,shrinkage
stakeholder_count,1.0,0.5184,0.3794,0.6440399999999998,0.48160000000000003
max_causal_hops,0.9525,0.3386,0.1602,0.5000549999999997,0.6139
uncertainty_score,0.9225,0.1344,-0.038209999999999994,0.3032399999999998,0.7881
n_frameworks,0.04,-0.7954,-0.9060250000000001,-0.676,0.8354
