variable,raw_cliffs_delta,length_residualized_cliffs_delta,ci_lo,ci_hi,shrinkage
stakeholder_count,1.0,0.5184,0.38839500000000005,0.6472199999999999,0.48160000000000003
max_causal_hops,0.9525,0.3386,0.17258,0.5000149999999999,0.6139
uncertainty_score,0.9225,0.1344,-0.045815,0.30444499999999974,0.7881
n_frameworks,0.04,-0.7954,-0.9040250000000001,-0.6736,0.8354
