variable,raw_cliffs_delta,length_residualized_cliffs_delta,ci_lo,ci_hi,shrinkage
stakeholder_count,1.0,0.5184,0.381595,0.6398,0.48160000000000003
max_causal_hops,0.9525,0.3386,0.16813999999999998,0.4986,0.6139
uncertainty_score,0.9225,0.1344,-0.036425,0.29900499999999997,0.7881
n_frameworks,0.04,-0.7954,-0.906,-0.6702,0.8354
