variable,n_narr_overlap,n_std_overlap,narr_mean_overlap,std_mean_overlap,cliffs_delta_overlap,ci_lo,ci_hi
stakeholder_count,13,5,4.0,3.4,0.5538461538461539,0.09230769230769231,0.9230769230769231
max_causal_hops,13,5,3.1538461538461537,2.0,1.0,1.0,1.0
uncertainty_score,13,5,2.0,1.6,0.4,0.0,0.8
n_frameworks,13,5,0.15384615384615385,0.6,-0.27692307692307694,-0.7692307692307693,0.18461538461538463
