variable,raw_cliffs_delta,length_residualized_cliffs_delta,ci_lo,ci_hi,shrinkage
stakeholder_count,1.0,0.5184,0.379165,0.64821,0.48160000000000003
max_causal_hops,0.9525,0.3386,0.1728,0.4938,0.6139
uncertainty_score,0.9225,0.1344,-0.043024999999999994,0.3084249999999999,0.7881
n_frameworks,0.04,-0.7954,-0.907,-0.6701650000000002,0.8354
