scenario_id,n,kappa_stakeholder_count,agree_stakeholder_count_pct,kappa_max_causal_hops,agree_max_causal_hops_pct,kappa_uncertainty_score,agree_uncertainty_score_pct
aging_parent,120,0.5918367346938775,0.5833333333333334,0.12903225806451624,0.3416666666666667,0.5726198749131342,0.6583333333333333
av_engineer,120,0.5972222222222221,0.35833333333333334,0.010416666666666519,0.2916666666666667,0.6822370511598348,0.5833333333333334
hospital_allocation,120,0.3900552486187845,0.20833333333333334,0.11259541984732835,0.31666666666666665,0.6097560975609756,0.7333333333333333
pharma_whistleblower,120,0.5311225876596901,0.35,0.07944084555063091,0.35,0.3708867819297268,0.3416666666666667
research_volunteer,120,0.6379105658884052,0.575,-0.007016878437322349,0.15833333333333333,0.5244956772334294,0.6333333333333333
