gen_model,variable,raw_cliffs_delta,length_residualized_cliffs_delta,ci_lo,ci_hi,shrinkage
gpt-5.4-nano,stakeholder_count,0.9928744112771376,0.5073625342405903,0.47906852930411975,0.53589772717199,0.4855118770365473
gpt-5.4-nano,max_causal_hops,0.5687548519375457,0.18097293299545486,0.1396648189728646,0.21975639315986034,0.38778191894209085
gpt-5.4-nano,uncertainty_score,0.9915900171345422,0.7745864217934154,0.7506523030319149,0.7972656157987318,0.2170035953411268
gpt-5.4-nano,n_frameworks,0.01416625,-0.921389,-0.9372177625,-0.9046020375,0.9355552500000001
gpt-4o,stakeholder_count,0.8517671488360664,0.7459451648117041,0.7234934597970619,0.76759140372926,0.10582198402436227
gpt-4o,max_causal_hops,-0.04752611247396809,-0.8228412647581298,-0.8463672015041108,-0.8001130273350171,0.7753151522841617
gpt-4o,uncertainty_score,0.9899321458350957,0.9832826793633914,0.9759723195691492,0.9895966010481243,0.0066494664717042795
gpt-4o,n_frameworks,-0.014085,-0.970649,-0.9804716625000001,-0.9599174812500001,0.956564
