gen_model,variable,raw_cliffs_delta,length_residualized_cliffs_delta,ci_lo,ci_hi,shrinkage
gpt-5.4-nano,stakeholder_count,0.9928744112771376,0.5073625342405903,0.4778278896651989,0.5363607777283877,0.4855118770365473
gpt-5.4-nano,max_causal_hops,0.5687548519375457,0.18097293299545486,0.142908072484306,0.21844906431215513,0.38778191894209085
gpt-5.4-nano,uncertainty_score,0.9915900171345422,0.7745864217934154,0.7507403819242611,0.797164214261562,0.2170035953411268
gpt-5.4-nano,n_frameworks,0.01416625,-0.921389,-0.936904575,-0.9053127125000001,0.9355552500000001
gpt-4o,stakeholder_count,0.8517671488360664,0.7459451648117041,0.7226564986123027,0.7665047854406594,0.10582198402436227
gpt-4o,max_causal_hops,-0.04752611247396809,-0.8228412647581298,-0.8459292158604327,-0.7994304386553235,0.7753151522841617
gpt-4o,uncertainty_score,0.9899321458350957,0.9832826793633914,0.976449365667283,0.9896600192142693,0.0066494664717042795
gpt-4o,n_frameworks,-0.014085,-0.970649,-0.98044908125,-0.95916930625,0.956564
