gen_model,variable,raw_cliffs_delta,length_residualized_cliffs_delta,ci_lo,ci_hi,shrinkage
gpt-5.4-nano,stakeholder_count,0.9928744112771376,0.5073625342405903,0.4787273708165692,0.5368153686586047,0.4855118770365473
gpt-5.4-nano,max_causal_hops,0.5687548519375457,0.18097293299545486,0.14049277322502984,0.2179108649207923,0.38778191894209085
gpt-5.4-nano,uncertainty_score,0.9915900171345422,0.7745864217934154,0.751191870147271,0.7974346563530147,0.2170035953411268
gpt-5.4-nano,n_frameworks,0.01416625,-0.921389,-0.9370108374999999,-0.9045721250000001,0.9355552500000001
gpt-4o,stakeholder_count,0.8517671488360664,0.7459451648117041,0.7238516755084531,0.7679882896682014,0.10582198402436227
gpt-4o,max_causal_hops,-0.04752611247396809,-0.8228412647581298,-0.8464786931074348,-0.7988850462028657,0.7753151522841617
gpt-4o,uncertainty_score,0.9899321458350957,0.9832826793633914,0.9758810442371291,0.989795730061671,0.0066494664717042795
gpt-4o,n_frameworks,-0.014085,-0.970649,-0.98044969375,-0.96080330625,0.956564
