gen_model,variable,raw_cliffs_delta,length_residualized_cliffs_delta,ci_lo,ci_hi,shrinkage
gpt-5.4-nano,stakeholder_count,0.9928744112771376,0.5073625342405903,0.47834618107399257,0.5367522633932472,0.4855118770365473
gpt-5.4-nano,max_causal_hops,0.5687548519375457,0.18097293299545486,0.1417638447228016,0.21992877703946007,0.38778191894209085
gpt-5.4-nano,uncertainty_score,0.9915900171345422,0.7745864217934154,0.7507895313392424,0.7978179863303585,0.2170035953411268
gpt-5.4-nano,n_frameworks,0.01416625,-0.921389,-0.9378537250000001,-0.904724575,0.9355552500000001
gpt-4o,stakeholder_count,0.8517671488360664,0.7459451648117041,0.7250815322473445,0.7674364710597656,0.10582198402436227
gpt-4o,max_causal_hops,-0.04752611247396809,-0.8228412647581298,-0.846168576009152,-0.7987721069836015,0.7753151522841617
gpt-4o,uncertainty_score,0.9899321458350957,0.9832826793633914,0.9765106312914648,0.9897420675681664,0.0066494664717042795
gpt-4o,n_frameworks,-0.014085,-0.970649,-0.98046835,-0.959968475,0.956564
