variable,delta_means,cliffs_delta,ci_lo,ci_hi,mannwhitney_u,p_value
stakeholder_count,3.2399999999999998,1.0,1.0,1.0,10000.0,3.0765662946176485e-38
max_causal_hops,1.2499999999999998,0.9525,0.9117775,0.9904,9762.5,2.4063225795762503e-37
uncertainty_score,1.2000000000000002,0.9225,0.8721975,0.9651,9612.5,3.9048017892810264e-35
n_frameworks,0.039999999999999994,0.04,-0.04,0.12,5200.0,0.3254136366177518
